time,cpi_mom,cpi_yoy,cpi_mom_smoothed,cpi_yoy_smoothed,cpi_mom_log,cpi_yoy_log,cpi_yoy_diff,interest_rate,month,year,cpi_mom_rolling_mean,cpi_mom_rolling_std,cpi_yoy_rolling_mean,cpi_yoy_rolling_std,cpi_mom_diff
1995-12-01,100.3,112.91,100.3,112.91,4.60816569496789,4.726591041192431,,5.2483570765056164,12,1995,,,,,100.3
1996-01-01,100.9,109.76,101.23333333333333,110.49000000000001,4.6141299273595635,4.6982961639775755,-3.1499999999999915,4.930867849414407,1,1996,,,,,100.9
1996-02-01,102.5,108.8,101.39999999999999,109.33999999999999,4.629862798578463,4.689511334421843,-0.960000000000008,5.323844269050346,2,1996,,,,,102.5
1996-03-01,100.8,109.46,101.13333333333333,108.91333333333334,4.613138355637268,4.695559185715772,0.6599999999999966,5.761514928204012,3,1996,,,,,100.8
1996-04-01,100.1,108.48,100.13333333333333,107.99000000000001,4.6061696863211745,4.686565824192085,-0.9799999999999898,4.882923312638332,4,1996,,,,,100.1
1996-05-01,99.5,106.03,99.7,106.39,4.600157644164547,4.6637220729377065,-2.450000000000003,4.88293152152541,5,1996,,,,,99.5
1996-06-01,99.5,104.66,99.43333333333334,104.87333333333333,4.600157644164547,4.650717000944062,-1.3700000000000045,5.789606407753696,6,1996,,,,,99.5
1996-07-01,99.3,103.93,99.46666666666665,103.93,4.598145571051127,4.6437175956003305,-0.7299999999999898,5.383717364576454,7,1996,,,,,99.3
1996-08-01,99.6,103.2,99.73333333333333,103.37666666666667,4.601162164590552,4.636668853047462,-0.730000000000004,4.765262807032524,8,1996,,,,,99.6
1996-09-01,100.3,103.0,100.0,103.06666666666666,4.60816569496789,4.634728988229636,-0.20000000000000284,5.2712800217929825,9,1996,,,,,100.3
1996-10-01,100.1,103.0,100.43333333333334,103.27333333333333,4.6061696863211745,4.634728988229636,0.0,4.768291153593768,10,1996,,,,,100.1
1996-11-01,100.9,103.82,100.66666666666667,103.79,4.6141299273595635,4.642658630399083,0.8199999999999932,4.767135123214872,11,1996,100.31666666666666,0.8871131252380987,106.42083333333333,3.3357061630276448,100.9
1996-12-01,101.0,104.55,100.89999999999999,104.27,4.61512051684126,4.649665425874643,0.730000000000004,5.120981135783017,12,1996,100.375,0.9086703572703515,105.72416666666665,2.6622425896339004,101.0
1997-01-01,100.8,104.44,101.2,104.24000000000001,4.613138355637268,4.648612743830928,-0.10999999999999943,4.043359877671101,1,1997,100.36666666666666,0.9038637601816469,105.28083333333332,2.354212697324187,100.8
1997-02-01,101.8,103.73,100.7,103.52,4.623010104116422,4.6417913694437365,-0.7099999999999937,4.137541083743484,2,1997,100.30833333333332,0.7656943768814595,104.85833333333333,2.1072163168646427,101.8
1997-03-01,99.5,102.39,100.23333333333333,102.60000000000001,4.600157644164547,4.628789051586725,-1.3400000000000034,4.718856235379514,3,1997,100.2,0.7816067367347231,104.26916666666666,1.640285220948045,99.5
1997-04-01,99.4,101.68,99.46666666666665,101.91666666666667,4.599152113662528,4.621830626881199,-0.7099999999999937,4.493584439832788,4,1997,100.14166666666667,0.8151501070169292,103.70249999999999,1.1566104475028163,99.4
1997-05-01,99.5,101.68,99.66666666666667,101.88333333333334,4.600157644164547,4.621830626881199,0.0,5.157123666297637,5,1997,100.14166666666667,0.8151501070169292,103.33999999999999,1.0362344417079228,99.5
1997-06-01,100.1,102.29,99.93333333333334,102.39666666666666,4.6061696863211745,4.627811916468916,0.6099999999999994,4.545987962239394,6,1997,100.19166666666668,0.7902339507827465,103.1425,0.9864364237910714,100.1
1997-07-01,100.2,103.22,100.13333333333333,103.08,4.607168188650764,4.6368626327205815,0.9299999999999926,4.293848149332354,7,1997,100.26666666666665,0.7389591369356042,103.08333333333333,0.9557227948552632,100.2
1997-08-01,100.1,103.73,100.3,103.66666666666667,4.6061696863211745,4.6417913694437365,0.5100000000000051,5.732824384460777,8,1997,100.30833333333334,0.7115390915388164,103.1275,0.973682092975791,100.1
1997-09-01,100.6,104.05,100.33333333333333,104.01,4.611152257665639,4.644871552839644,0.3199999999999932,4.8871118497567325,9,1997,100.33333333333333,0.7164728420068256,103.21499999999999,1.00776530456789,100.6
1997-10-01,100.3,104.25,100.39999999999999,103.97666666666667,4.60816569496789,4.646791860678911,0.20000000000000284,5.033764102343962,10,1997,100.35000000000001,0.7128687243678336,103.31916666666666,1.047346936817268,100.3
1997-11-01,100.3,103.63,100.53333333333335,103.83666666666666,4.60816569496789,4.640826863196126,-0.6200000000000045,4.287625906893272,11,1997,100.3,0.6915069183904254,103.30333333333334,1.0405010448059782,100.3
1997-12-01,101.0,103.63,100.96666666666665,103.90666666666665,4.61512051684126,4.640826863196126,0.0,4.727808637737409,12,1997,100.3,0.6915069183904254,103.22666666666667,0.9719271702356765,101.0
1998-01-01,101.6,104.46,101.59999999999998,104.32,4.6210435351443815,4.6488042230081525,0.8299999999999983,5.055461294854933,1,1998,100.36666666666667,0.7773303186177846,103.22833333333334,0.9742114138049213,101.6
1998-02-01,102.2,104.87,101.0,104.62666666666667,4.626931677769604,4.652721487846314,0.4100000000000108,4.424503211288848,2,1998,100.39999999999999,0.8495988358149895,103.32333333333334,1.077668639689217,102.2
1998-03-01,99.2,104.55,101.0,105.42666666666666,4.597138014290827,4.649665425874643,-0.3200000000000074,5.187849009172836,3,1998,100.375,0.8822749519900774,103.50333333333333,1.0879449629573013,99.2
1998-04-01,101.6,106.86,100.73333333333333,106.77,4.6210435351443815,4.671519566529625,2.3100000000000023,4.699680655040598,4,1998,100.55833333333334,0.8897990920665324,103.935,1.3047639981655872,101.6
1998-05-01,101.4,108.9,101.0,108.18666666666667,4.619073091157083,4.690430029938915,2.0400000000000063,4.854153125103362,5,1998,100.71666666666665,0.8526251796479496,104.53666666666668,1.7567704529170676,101.4
1998-06-01,100.0,108.8,100.3,108.58,4.605170185988092,4.689511334421843,-0.10000000000000853,4.699146693885302,6,1998,100.70833333333333,0.8596599045640971,105.07916666666667,1.9896434506227774,100.0
1998-07-01,99.5,108.04,100.2,108.64999999999999,4.600157644164547,4.682501528924415,-0.7599999999999909,5.926139092254469,7,1998,100.64999999999999,0.9189915421512087,105.48083333333334,2.065286501513388,99.5
1998-08-01,101.1,109.11,100.53333333333335,108.89999999999999,4.616110126026426,4.692356547667007,1.0699999999999932,4.993251387631033,8,1998,100.73333333333333,0.9098784467602189,105.92916666666667,2.2281849863360614,101.1
1998-09-01,101.0,109.55,100.8,109.40333333333332,4.61512051684126,4.696381066041475,0.4399999999999977,4.47114453552205,9,1998,100.76666666666667,0.9118745261905017,106.3875,2.3677996114536626,101.0
1998-10-01,100.3,109.55,100.46666666666665,109.47666666666665,4.60816569496789,4.696381066041475,0.0,5.411272456051594,10,1998,100.76666666666667,0.9118745261905017,106.82916666666667,2.426424448867249,100.3
1998-11-01,100.1,109.33,100.39999999999999,109.33,4.6061696863211745,4.694370831446394,-0.21999999999999886,4.389578175014488,11,1998,100.75,0.9229399665298836,107.30416666666666,2.2977240056326917,100.1
1998-12-01,100.8,109.11,100.86666666666667,109.21999999999998,4.613138355637268,4.692356547667007,-0.21999999999999886,5.104431797502378,12,1998,100.73333333333335,0.9198155282776036,107.76083333333334,2.030089377044277,100.8
1999-01-01,101.7,109.22,101.46666666666665,109.07666666666667,4.622027303054514,4.693364196724008,0.10999999999999943,4.0201649380601125,1,1999,100.74166666666666,0.9287903504836368,108.15750000000001,1.7755773708853542,101.7
1999-02-01,101.9,108.9,100.96666666666665,109.04333333333334,4.623991940228679,4.690430029938915,-0.3199999999999932,4.335906975550785,2,1999,100.71666666666665,0.8891603120956661,108.49333333333333,1.4481859080389459,101.9
1999-03-01,99.3,109.01,100.2,108.18666666666668,4.598145571051127,4.691439621140267,0.10999999999999943,5.098430617934562,3,1999,100.72500000000001,0.8739929269528676,108.865,0.7464522148745262,99.3
1999-04-01,99.4,106.65,99.43333333333334,106.80666666666667,4.599152113662528,4.669552444917359,-2.3599999999999994,5.369233289997705,4,1999,100.54166666666667,0.9039894743286461,108.84750000000001,0.798386156283805,99.4
1999-05-01,99.6,104.76,99.56666666666666,105.28333333333335,4.601162164590552,4.651672019639511,-1.8900000000000006,5.085684140594985,5,1999,100.39166666666667,0.8979353422089457,108.5025,1.4234473199691768,99.6
1999-06-01,99.7,104.44,99.63333333333333,104.58333333333333,4.602165676967792,4.648612743830928,-0.3200000000000074,4.9421758588058795,6,1999,100.36666666666667,0.9138662457665961,108.13916666666667,1.8369810130821687,99.7
1999-07-01,99.6,104.55,99.63333333333333,103.99666666666667,4.601162164590552,4.649665425874643,0.10999999999999943,4.849448152205356,7,1999,100.375,0.9056639954902096,107.84833333333334,2.1100789874631403,99.6
1999-08-01,99.6,103.0,99.53333333333335,102.97000000000001,4.601162164590552,4.634728988229636,-1.5499999999999972,4.260739004816286,8,1999,100.25,0.9000000000000109,107.33916666666666,2.4823063261752814,99.6
1999-09-01,99.4,101.36,99.33333333333333,101.46999999999998,4.599152113662528,4.618678536012884,-1.6400000000000006,4.640077895802646,9,1999,100.11666666666666,0.8973023543664281,106.65666666666665,2.908502686742439,99.4
1999-10-01,99.0,100.05,99.60000000000001,100.58666666666666,4.59511985013459,4.605670061029742,-1.3100000000000023,4.769680614520106,10,1999,100.00833333333333,0.9500797414699131,105.86500000000001,3.314007461449889,99.0
1999-11-01,100.4,100.35,99.96666666666665,100.14999999999999,4.609162207257629,4.608664075242347,0.29999999999999716,5.528561113109458,11,1999,100.03333333333335,0.9566355184455242,105.11666666666667,3.470630891909834,100.4
1999-12-01,100.5,100.05,100.43333333333334,99.72333333333331,4.61015772749913,4.605670061029742,-0.29999999999999716,5.1718091447842305,12,1999,100.00833333333333,0.9385272150200844,104.36166666666666,3.508200350175248,100.5
2000-01-01,100.4,98.77,100.83333333333333,99.10000000000001,4.609162207257629,4.592793914920036,-1.2800000000000011,4.118479922318633,1,2000,99.90000000000002,0.7885544888073419,103.49083333333333,3.4895335930421583,100.4
2000-02-01,101.6,98.48,100.3,98.44666666666666,4.6210435351443815,4.589853481876198,-0.28999999999999204,5.162041984697398,2,2000,99.875,0.7212678231609234,102.6225,3.3131504507177,101.6
2000-03-01,98.9,98.09,99.93333333333334,98.18666666666667,4.594109238628667,4.585885424576224,-0.39000000000000057,4.807458859791842,3,2000,99.84166666666668,0.7585372686155972,101.71250000000002,2.8691592845291742,98.9
2000-04-01,99.3,97.99,99.2,97.95666666666666,4.598145571051127,4.584865432647727,-0.10000000000000853,4.6615389998470205,4,2000,99.83333333333333,0.7643575238345262,100.99083333333333,2.589862959987477,99.3
2000-05-01,99.4,97.79,99.39999999999999,97.79,4.599152113662528,4.5828223223241835,-0.19999999999998863,5.305838144420434,5,2000,99.81666666666666,0.7720496137299918,100.41000000000001,2.4452477100768943,99.4
2000-06-01,99.5,97.59,99.43333333333334,97.59333333333335,4.600157644164547,4.5807750291533695,-0.20000000000000284,5.515499761247975,6,2000,99.8,0.7769403861535245,99.83916666666666,2.206867209142365,99.5
2000-07-01,99.4,97.4,99.66666666666667,97.62666666666667,4.599152113662528,4.578826210648489,-0.18999999999999773,5.465640059558099,7,2000,99.78333333333335,0.7837361955673913,99.24333333333334,1.7338938487657833,99.4
2000-08-01,100.1,97.89,99.76666666666667,97.85666666666668,4.6061696863211745,4.583844399273339,0.4899999999999949,4.580391238388681,8,2000,99.82499999999999,0.7863899102284523,98.8175,1.3008118094621952,100.1
2000-09-01,99.8,98.28,100.0,98.51333333333332,4.603168183317418,4.587820547652979,0.39000000000000057,4.845393812074393,9,2000,99.85833333333335,0.7751343969489127,98.56083333333333,1.0290017963879596,99.8
2000-10-01,100.1,99.37,100.26666666666667,99.17333333333333,4.6061696863211745,4.598850257243272,1.0900000000000034,5.165631715701782,10,2000,99.95,0.7280109889280643,98.50416666666666,0.9556478843108647,100.1
2000-11-01,100.9,99.87,100.36666666666667,99.57000000000001,4.6141299273595635,4.603869340255043,0.5,5.48777256356118,11,2000,99.99166666666667,0.7692479601808785,98.46416666666666,0.878277843109415,100.9
2000-12-01,100.1,99.47,100.43333333333334,99.57000000000001,4.6061696863211745,4.599856091164322,-0.4000000000000057,4.760412881077355,12,2000,99.95833333333333,0.7537281078784838,98.41583333333334,0.79509242839869,100.1
2001-01-01,100.3,99.37,100.26666666666667,99.01333333333334,4.60816569496789,4.598850257243272,-0.09999999999999432,4.907170511668092,1,2001,99.94999999999999,0.7489386429535528,98.46583333333335,0.837142958719293,100.3
2001-02-01,100.4,98.2,100.0,98.72000000000001,4.609162207257629,4.58700621536042,-1.1700000000000017,4.446832512996986,2,2001,99.85000000000001,0.5664883855023968,98.44250000000001,0.8406071939648223,100.4
2001-03-01,99.3,98.59,99.73333333333333,98.52666666666669,4.598145571051127,4.59096983658695,0.39000000000000057,4.401896687959665,3,2001,99.88333333333333,0.5149286505444597,98.48416666666667,0.8339114661241276,99.3
2001-04-01,99.5,98.79,99.53333333333335,98.85666666666668,4.600157644164547,4.592996385056383,0.20000000000000284,5.406262911197099,4,2001,99.89999999999999,0.49726524840647207,98.55083333333334,0.8227167670516002,99.5
2001-05-01,99.8,99.19,99.76666666666667,99.22333333333331,4.603168183317418,4.597037202757902,0.3999999999999915,5.678120014285412,5,2001,99.93333333333334,0.4735424207422694,98.6675,0.8040706097442603,99.8
2001-06-01,100.0,99.69,99.86666666666667,99.65666666666668,4.605170185988092,4.602065371034612,0.5,4.963994939209833,6,2001,99.97500000000001,0.4535215741084912,98.84250000000002,0.7762863225288853,100.0
2001-07-01,99.8,100.09,99.93333333333332,99.92333333333333,4.603168183317418,4.606069781230928,0.4000000000000057,5.501766448946012,7,2001,100.00833333333333,0.42094770423058187,99.06666666666666,0.7071882009162254,99.8
2001-08-01,100.0,99.99,100.09999999999998,100.25666666666666,4.605170185988092,4.605070180987758,-0.10000000000000853,5.180818012523817,8,2001,100.0,0.41995670772552707,99.24166666666667,0.6467939581059846,100.0
2001-09-01,100.5,100.69,100.16666666666667,100.42333333333333,4.61015772749913,4.612046489927524,0.7000000000000028,4.677440122697438,9,2001,100.05833333333332,0.43788403058624437,99.44250000000001,0.6935170575342056,100.5
2001-10-01,100.0,100.59,100.23333333333333,100.38999999999999,4.605170185988092,4.611052849146247,-0.09999999999999432,5.1806978027542065,10,2001,100.05,0.43797052619806764,99.54416666666667,0.7674095544378027,100.0
2001-11-01,100.2,99.89,100.39999999999999,100.42333333333333,4.607168188650764,4.604069580544058,-0.7000000000000028,5.769018283232985,11,2001,99.99166666666666,0.35280263174999776,99.54583333333335,0.768202841742081,100.2
2001-12-01,101.0,100.79,100.76666666666667,100.76,4.61512051684126,4.613039144366787,0.9000000000000057,4.9820869804450245,12,2001,100.06666666666666,0.457926816966424,99.65583333333335,0.8468385950466714,101.0
2002-01-01,101.1,101.6,101.43333333333334,101.93666666666667,4.616110126026426,4.6210435351443815,0.8099999999999881,5.782321827907003,1,2002,100.13333333333334,0.5449492609130948,99.84166666666665,1.0077953736505978,101.1
2002-02-01,102.2,103.42,100.83333333333333,102.77666666666666,4.626931677769604,4.638798366968075,1.8200000000000074,3.6901274479551276,2,2002,100.28333333333332,0.808852535535657,100.27666666666666,1.3146332591489893,102.2
2002-03-01,99.2,103.31,100.46666666666665,103.52,4.597138014290827,4.637734176861354,-0.10999999999999943,5.410951252187612,3,2002,100.27499999999999,0.8203380677833876,100.67,1.4619600790471028,99.2
2002-04-01,100.0,103.83,99.83333333333333,103.83,4.605170185988092,4.642754946315362,0.519999999999996,5.043523534119085,4,2002,100.31666666666666,0.7895146188218243,101.08999999999999,1.5910259697326827,100.0
2002-05-01,100.3,104.35,100.13333333333333,104.21333333333332,4.60816569496789,4.647750633523209,0.519999999999996,4.850496324767066,5,2002,100.35833333333333,0.7727852028196504,101.52,1.7226776198170137,100.3
2002-06-01,100.1,104.46,100.10000000000001,104.45666666666666,4.6061696863211745,4.6488042230081525,0.10999999999999943,5.045880388267751,6,2002,100.36666666666667,0.7691002220225855,101.9175,1.810133721830893,100.1
2002-07-01,99.9,104.56,100.03333333333335,104.56333333333333,4.604169685654508,4.649761069315966,0.10000000000000853,4.006215542699554,7,2002,100.375,0.7629190353802248,102.29,1.859139585937623,99.9
2002-08-01,100.1,104.67,100.06666666666666,104.52666666666666,4.6061696863211745,4.650812543866793,0.10999999999999943,4.890164056081244,8,2002,100.38333333333334,0.7589865651384383,102.68,1.8233236385539047,100.1
2002-09-01,100.2,104.35,100.2,104.56333333333333,4.607168188650764,4.647750633523209,-0.3200000000000074,5.178556285755874,9,2002,100.35833333333335,0.7597348022152244,102.985,1.765376601593818,100.2
2002-10-01,100.3,104.67,100.26666666666667,104.59666666666665,4.60816569496789,4.650812543866793,0.3200000000000074,5.738947022370758,10,2002,100.38333333333334,0.7517655985422278,103.325,1.651393351082786,100.3
2002-11-01,100.3,104.77,100.3,104.49333333333334,4.60816569496789,4.651767471364874,0.09999999999999432,4.740864890863176,11,2002,100.39166666666667,0.7501010032999255,103.73166666666667,1.2899036844477942,100.3
2002-12-01,100.3,104.04,100.5,104.21666666666665,4.60816569496789,4.64477544058045,-0.7299999999999898,4.595753198553406,12,2002,100.33333333333333,0.7253003557565939,104.0025,0.8976649000199277,100.3
2003-01-01,100.9,103.84,101.13333333333333,103.90666666666668,4.6141299273595635,4.64285125295578,-0.20000000000000284,4.749121478207732,1,2003,100.31666666666666,0.7081773446780032,104.18916666666667,0.4954421043758872,100.9
2003-02-01,102.2,103.84,100.83333333333333,103.91000000000001,4.626931677769604,4.64285125295578,0.0,5.457701058851037,2,2003,100.31666666666668,0.7081773446780032,104.22416666666668,0.4488056540999091,102.2
2003-03-01,99.4,104.05,100.53333333333335,103.98,4.599152113662528,4.644871552839644,0.20999999999999375,5.164375554829842,3,2003,100.33333333333333,0.6813533769215948,104.28583333333334,0.3522256077976413,99.4
2003-04-01,100.0,104.05,99.76666666666667,103.91000000000001,4.605170185988092,4.644871552839644,0.0,4.735119898116481,4,2003,100.33333333333333,0.6813533769215948,104.30416666666667,0.3314556965695713,100.0
2003-05-01,99.9,103.63,99.86666666666667,103.63333333333333,4.604169685654508,4.640826863196126,-0.4200000000000017,5.256633716556678,5,2003,100.30000000000001,0.6928203230275753,104.24416666666666,0.383487781798082,99.9
2003-06-01,99.7,103.22,99.76666666666667,103.28666666666668,4.602165676967792,4.6368626327205815,-0.4099999999999966,5.04853877467402,6,2003,100.26666666666667,0.712656149821791,104.14083333333332,0.4759575675006422,99.7
2003-07-01,99.7,103.01,99.76666666666667,103.01333333333334,4.602165676967792,4.634826070895602,-0.20999999999999375,5.484322495266444,7,2003,100.25,0.7242551032236395,104.01166666666666,0.5555314136173188,99.7
2003-08-01,99.9,102.81,99.89999999999999,102.83999999999999,4.604169685654508,4.632882624554627,-0.20000000000000284,4.648973453061323,8,2003,100.23333333333333,0.7302967433402412,103.85666666666667,0.6117832850603836,99.9
2003-09-01,100.1,102.7,99.93333333333334,102.56666666666668,4.6061696863211745,4.631812116934513,-0.10999999999999943,4.836168926701116,9,2003,100.22499999999998,0.7312815649753217,103.71916666666668,0.6731669836520938,100.1
2003-10-01,99.8,102.19,100.16666666666667,102.46333333333332,4.603168183317418,4.626833825624118,-0.5100000000000051,4.803945923433921,10,2003,100.18333333333334,0.7408021860037293,103.51249999999999,0.7327671712578099,99.8
2003-11-01,100.6,102.5,100.39999999999999,102.56666666666666,4.611152257665639,4.629862798578463,0.3100000000000023,4.268242525933941,11,2003,100.20833333333333,0.7501010032999172,103.32333333333332,0.6688434160189798,100.6
2003-12-01,100.8,103.01,100.83333333333333,102.90666666666668,4.613138355637268,4.634826070895602,0.5100000000000051,5.148060138532288,12,2003,100.25,0.769297199928749,103.2375,0.6336779365522667,100.8
2004-01-01,101.1,103.21,101.63333333333333,103.41333333333334,4.616110126026426,4.636765747577842,0.19999999999998863,5.130527636089945,1,2004,100.26666666666667,0.7866307130972647,103.185,0.6046561757804967,101.1
2004-02-01,103.0,104.02,101.63333333333333,104.24000000000001,4.634728988229636,4.644583188344926,0.8100000000000023,5.00255672832123,2,2004,100.33333333333333,0.9763879010584751,103.19999999999999,0.6242959671068357,103.0
2004-03-01,100.8,105.49,101.43333333333334,105.17333333333333,4.613138355637268,4.658616161693717,1.4699999999999989,4.882706433312427,3,2004,100.45,0.9375984796761176,103.32,0.8860535588164661,100.8
2004-04-01,100.5,106.01,100.73333333333335,106.19,4.61015772749913,4.663533429285006,0.5200000000000102,4.292314628974793,4,2004,100.49166666666667,0.9268307027258084,103.48333333333333,1.1684903495408663,100.5
2004-05-01,100.9,107.07,100.73333333333333,107.11333333333334,4.6141299273595635,4.673482826170178,1.059999999999988,4.78967733861732,5,2004,100.57499999999999,0.913658977558261,103.77,1.5630855266545172,100.9
2004-06-01,100.8,108.26,100.73333333333333,108.15000000000002,4.613138355637268,4.6845357413688316,1.190000000000012,4.828642741736616,6,2004,100.66666666666667,0.8721273190344151,104.19000000000001,2.013960367940957,100.8
2004-07-01,100.5,109.12,100.63333333333333,109.09000000000002,4.61015772749913,4.692448194095152,0.8599999999999994,4.59886136538919,7,2004,100.73333333333335,0.8205689083394773,104.69916666666667,2.419952885842518,100.5
2004-08-01,100.6,109.89,100.46666666666665,109.70666666666666,4.611152257665639,4.699479865458833,0.769999999999996,4.919357144166995,8,2004,100.79166666666667,0.7798115545477514,105.28916666666667,2.7570816532023223,100.6
2004-09-01,100.3,110.11,100.3,110.11,4.60816569496789,4.7014798661255,0.21999999999999886,5.20202542840727,9,2004,100.80833333333334,0.7656943768815347,105.90666666666665,2.9476873318011965,100.3
2004-10-01,100.0,110.33,100.16666666666667,110.11000000000001,4.605170185988092,4.703475874772215,0.21999999999999886,5.943092950605265,10,2004,100.82499999999999,0.7436091348649984,106.585,2.951241649327952,100.0
2004-11-01,100.2,109.89,100.26666666666667,109.96333333333332,4.607168188650764,4.699479865458833,-0.4399999999999977,5.087288906415919,11,2004,100.79166666666667,0.7633161305459447,107.20083333333334,2.7878452361289354,100.2
2004-12-01,100.6,109.67,100.63333333333333,109.74333333333334,4.611152257665639,4.697475856772117,-0.21999999999999886,5.128775195361382,12,2004,100.77499999999999,0.7652985157322164,107.75583333333334,2.528569334384299,100.6
2005-01-01,101.1,109.67,101.39999999999999,109.49333333333334,4.616110126026426,4.697475856772117,0.0,4.962777042116916,1,2005,100.77499999999999,0.7652985157322164,108.29416666666667,2.12885141175568,101.1
2005-02-01,102.5,109.14,101.23333333333333,109.06333333333333,4.629862798578463,4.6926314617580855,-0.5300000000000011,4.040614392350479,2,2005,100.73333333333333,0.635800616736514,108.72083333333335,1.6545939261966693,102.5
2005-03-01,100.1,108.38,101.06666666666666,108.67,4.6061696863211745,4.685643570137968,-0.7600000000000051,4.986743062275392,3,2005,100.675,0.6607502622708554,108.96166666666666,1.3175861768150856,100.1
2005-04-01,100.6,108.49,100.39999999999999,108.31,4.611152257665639,4.686658002834359,0.10999999999999943,5.0301151049705135,4,2005,100.68333333333332,0.6589707309452533,109.16833333333334,0.9579317999389139,100.6
2005-05-01,100.5,108.06,100.5,108.06,4.61015772749913,4.68268662841592,-0.4299999999999926,6.231621056242643,5,2005,100.64999999999999,0.6571287406728386,109.25083333333335,0.788421418617105,100.5
2005-06-01,100.4,107.63,100.43333333333334,107.73666666666666,4.609162207257629,4.678699419276207,-0.4300000000000068,4.903819517609438,6,2005,100.61666666666666,0.6589707309452408,109.19833333333332,0.8764580924834129,100.4
2005-07-01,100.4,107.52,100.4,107.48666666666666,4.609162207257629,4.677676876774839,-0.10999999999999943,5.150773671166807,7,2005,100.60833333333333,0.6612087187091897,109.065,1.0021476937063059,100.4
2005-08-01,100.4,107.31,100.53333333333335,107.56,4.609162207257629,4.675721841939036,-0.20999999999999375,4.982644115147378,8,2005,100.59166666666665,0.663952809568126,108.84999999999998,1.0825894882183422,100.4
2005-09-01,100.8,107.85,100.53333333333335,107.81333333333333,4.613138355637268,4.680741372835166,0.539999999999992,4.415660981190234,9,2005,100.63333333333333,0.6596601512533544,108.66166666666668,1.0391765387982528,100.8
2005-10-01,100.4,108.28,100.53333333333335,108.20666666666666,4.609162207257629,4.684720464746101,0.4300000000000068,5.571411407257511,10,2005,100.66666666666667,0.634369168879078,108.49083333333334,0.8990344146853914,100.4
2005-11-01,100.4,108.49,100.53333333333335,108.49333333333333,4.609162207257629,4.686658002834359,0.20999999999999375,5.375966516343387,11,2005,100.68333333333334,0.6235285709476126,108.37416666666667,0.7845028342654436,100.4
2005-12-01,100.8,108.71,100.8,108.67333333333333,4.613138355637268,4.6886837862159085,0.21999999999999886,5.3955159735215235,12,2005,100.7,0.6237715199422026,108.29416666666667,0.6826879805509174,100.8
2006-01-01,101.2,108.82,101.36666666666667,108.63999999999999,4.617098756853365,4.689695141057779,0.10999999999999943,4.54530627260263,1,2006,100.70833333333333,0.6302356461650428,108.22333333333334,0.5600378775076108,101.2
2006-02-01,102.1,108.39,100.93333333333332,108.31666666666666,4.625952725170619,4.685735833827659,-0.4299999999999926,5.701397155468049,2,2006,100.675,0.5293649711941306,108.16083333333331,0.48530137465623097,102.1
2006-03-01,99.5,107.74,100.60000000000001,107.81333333333333,4.600157644164547,4.6797209172523875,-0.6500000000000057,4.29907446860386,3,2006,100.625,0.6107000454025071,108.1075,0.49411307134453486,99.5
2006-04-01,100.2,107.31,100.10000000000001,107.49000000000001,4.607168188650764,4.675721841939036,-0.4299999999999926,5.293428546900135,4,2006,100.59166666666668,0.622981589299501,108.00916666666667,0.5273683951880549,100.2
2006-05-01,100.6,107.42,100.39999999999999,107.38333333333333,4.611152257665639,4.676746384477314,0.10999999999999943,6.095227812904989,5,2006,100.60000000000001,0.6223124032773254,107.95583333333333,0.5534759308781239,100.6
2006-06-01,100.4,107.42,100.46666666666668,107.42,4.609162207257629,4.676746384477314,0.0,4.504731837434655,6,2006,100.60000000000001,0.6223124032773254,107.93833333333333,0.567848144447364,100.4
2006-07-01,100.4,107.42,100.4,107.42,4.609162207257629,4.676746384477314,0.0,4.716851135198614,7,2006,100.60000000000001,0.6223124032773254,107.93,0.5752311788243988,100.4
2006-08-01,100.4,107.42,100.36666666666667,107.24333333333334,4.609162207257629,4.676746384477314,0.0,5.049825682543821,8,2006,100.60000000000001,0.6223124032773254,107.93916666666667,0.5652426403103726,100.4
2006-09-01,100.3,106.89,100.3,106.99333333333334,4.60816569496789,4.671800268285854,-0.5300000000000011,4.7482621729419,9,2006,100.55833333333334,0.6244391422903496,107.85916666666667,0.6417654390730915,100.3
2006-10-01,100.2,106.67,100.36666666666667,106.81666666666666,4.607168188650764,4.669739956637391,-0.21999999999999886,4.224668284466934,10,2006,100.54166666666667,0.6316764611058521,107.72500000000001,0.7104096129576363,100.2
2006-11-01,100.6,106.89,100.43333333333334,106.71,4.611152257665639,4.671800268285854,0.21999999999999886,5.034281487403014,11,2006,100.55833333333334,0.6302356461650156,107.59166666666665,0.7038960839289431,100.6
2006-12-01,100.5,106.57,100.73333333333333,106.63999999999999,4.61015772749913,4.668802046232865,-0.3200000000000074,4.468848143136947,12,2006,100.53333333333335,0.6257117159804597,107.41333333333331,0.664808015122044,100.5
2007-01-01,101.1,106.46,101.26666666666665,106.53333333333332,4.616110126026426,4.667769327744611,-0.10999999999999943,5.23679621531759,1,2007,100.52499999999999,0.6166257152660195,107.21666666666665,0.550013773932961,101.1
2007-02-01,102.2,106.57,101.03333333333332,106.63999999999999,4.626931677769604,4.668802046232865,0.10999999999999943,4.540287882883098,2,2007,100.53333333333335,0.6400757530925798,107.065,0.436213042196872,102.2
2007-03-01,99.8,106.89,100.83333333333333,106.89,4.603168183317418,4.671800268285854,0.3200000000000074,5.77496720250877,3,2007,100.55833333333334,0.6006940430313945,106.99416666666667,0.3823244298992727,99.8
2007-04-01,100.5,107.21,100.36666666666667,107.17333333333333,4.61015772749913,4.674789527868148,0.3199999999999932,4.608373353831881,4,2007,100.58333333333333,0.5905826604193145,106.98583333333333,0.3758495427544282,100.5
2007-05-01,100.8,107.42,100.73333333333333,107.52999999999999,4.613138355637268,4.676746384477314,0.21000000000000796,4.838969241897162,5,2007,100.60000000000001,0.5939084716750166,106.98583333333333,0.3758495427544282,100.8
2007-06-01,100.9,107.96,100.86666666666667,107.95666666666666,4.6141299273595635,4.681760788149804,0.539999999999992,5.406758608684835,6,2007,100.64166666666667,0.5961365513696357,107.03083333333332,0.45627858980669456,100.9
2007-07-01,100.9,108.49,100.8,108.38666666666666,4.6141299273595635,4.686658002834359,0.5300000000000011,4.3845678417830225,7,2007,100.68333333333332,0.5951826814033928,107.11999999999999,0.6158807440648923,100.9
2007-08-01,100.6,108.71,100.66666666666667,108.71,4.611152257665639,4.6886837862159085,0.21999999999999886,5.113729967302064,8,2007,100.7,0.5892985043870733,107.2275,0.7670382827952997,100.6
2007-09-01,100.5,108.93,100.60000000000001,109.03666666666668,4.61015772749913,4.690705474094354,0.22000000000001307,5.653571377141214,9,2007,100.71666666666668,0.5797073451843834,107.3975,0.8999810604072446,100.5
2007-10-01,100.7,109.47,100.8,109.50666666666667,4.612145799724517,4.695650539116466,0.539999999999992,4.196258382719386,10,2007,100.75833333333334,0.5567083998148191,107.63083333333333,1.0454356058894536,100.7
2007-11-01,101.2,110.12,101.60000000000001,110.78000000000002,4.617098756853365,4.701570680274407,0.6500000000000057,5.092316929266152,11,2007,100.80833333333332,0.5680242205678079,107.89999999999999,1.2358287613069932,101.2
2007-12-01,102.9,112.75,102.16000000000001,112.35000000000001,4.633757642840004,4.725172978382788,2.6299999999999955,5.129941397124211,12,2007,101.00833333333333,0.8173775508333212,108.415,1.7931916695203607,102.9
2008-01-01,102.38,114.18,102.94666666666667,114.21,4.628691381029437,4.737776150536114,1.4300000000000068,5.390911435888655,1,2008,101.11500000000001,0.9088304172247857,109.05833333333334,2.331943525487159,102.38
2008-02-01,103.56,115.7,102.97666666666667,116.42666666666666,4.640151154883337,4.751000634199631,1.519999999999996,4.381524644560959,2,2008,101.22833333333334,1.1173168618155094,109.81916666666667,2.872931535219993,103.56
2008-03-01,102.99,119.4,102.91666666666667,118.83999999999999,4.63463189613771,4.782479200958502,3.700000000000003,4.339771693457862,3,2008,101.49416666666667,1.1260426145121438,110.86166666666666,3.825295789712062,102.99
2008-04-01,102.2,121.42,103.03333333333335,121.99333333333334,4.626931677769604,4.799255609702288,2.019999999999996,5.260970782808449,4,2008,101.63583333333334,1.096137502434273,112.04583333333333,4.693113830309619,102.2
2008-05-01,103.91,125.16,102.75,124.42666666666666,4.643525139864555,4.829592918800682,3.739999999999995,5.148492336616593,5,2008,101.895,1.2389108119636796,113.52416666666669,5.773260396523062,103.91
2008-06-01,102.14,126.7,102.39333333333333,126.28333333333332,4.626344421219498,4.841822087327094,1.5400000000000063,5.125246425172938,6,2008,101.99833333333333,1.199460737417694,115.08583333333335,6.60587129802433,102.14
2008-07-01,101.13,126.99,101.61,127.29666666666667,4.616406817914079,4.844108343200942,0.28999999999999204,5.1732241047484875,7,2008,102.0175,1.1820254188931962,116.6275,7.069114802498978,101.13
2008-08-01,101.56,128.2,100.95666666666666,127.66333333333331,4.620649756836477,4.853591544486569,1.2099999999999937,4.659987639210755,8,2008,102.09749999999998,1.1075043607550619,118.25166666666667,7.3191974638721575,101.56
2008-09-01,100.18,127.8,100.51666666666667,127.55666666666666,4.606968567929471,4.850466541943434,-0.3999999999999915,5.116126848580501,9,2008,102.07083333333333,1.152408216288939,119.82416666666666,7.159744101995669,100.18
2008-10-01,99.81,126.67,99.74333333333334,126.22666666666665,4.603268378698495,4.841585279495541,-1.1299999999999955,5.14653623664934,10,2008,101.99666666666666,1.2711722101585292,121.2575,6.598103205398663,99.81
2008-11-01,99.24,124.21,99.45666666666666,123.58999999999999,4.5975411588236,4.821973681556102,-2.460000000000008,4.642824290986816,11,2008,101.83333333333333,1.4899379690160373,122.43166666666667,5.61664706407884,99.24
2008-12-01,99.32,119.89,99.62666666666667,120.52666666666666,4.598346960639966,4.786574655719562,-4.319999999999993,5.932887255572378,12,2008,101.53500000000001,1.6104798833098921,123.02666666666669,4.819383840913881,99.32
2009-01-01,100.32,117.48,100.27,117.38,4.608365076884611,4.766268106330419,-2.4099999999999966,5.236916460455894,1,2009,101.36333333333333,1.621970369269493,123.30166666666666,4.338889328625685,100.32
2009-02-01,101.17,114.77,100.44,114.5,4.616802270217799,4.742930125692577,-2.710000000000008,4.404348251398676,2,2009,101.16416666666667,1.4670530654921683,123.22416666666668,4.492594832981779,101.17
2009-03-01,99.83,111.25,100.45,111.74999999999999,4.603468739348334,4.711779921046349,-3.519999999999996,5.328276804316915,3,2009,100.90083333333332,1.3911699349392848,122.545,5.602261718595229,99.83
2009-04-01,100.35,109.23,100.20666666666666,108.68666666666665,4.608664075242347,4.693455750855452,-2.019999999999996,4.5126591648863394,4,2009,100.74666666666667,1.3355035368615955,121.52916666666665,6.801599355142871,100.35
2009-05-01,100.44,105.58,100.44666666666666,106.25,4.609560534289384,4.65946895939547,-3.6500000000000057,5.393542301871226,5,2009,100.4575,0.8894955158556527,119.8975,8.079852749558404,100.44
2009-06-01,100.55,103.94,100.50333333333333,104.27666666666664,4.610655116218661,4.643813809580296,-1.6400000000000006,5.579297789503702,6,2009,100.32499999999999,0.7179706248738983,118.00083333333335,8.961147915847496,100.55
2009-07-01,100.52,103.31,100.43666666666667,103.07333333333332,4.610356712675391,4.637734176861354,-0.6299999999999955,4.5896588408241445,7,2009,100.27416666666666,0.6761718223449679,116.02750000000002,9.398311381210066,100.52
2009-08-01,100.24,101.97,100.46,102.56666666666666,4.607567310587813,4.624678652376135,-1.3400000000000034,5.481688064622161,8,2009,100.16416666666667,0.542040896366016,113.84166666666668,9.360069767934789,100.24
2009-09-01,100.62,102.42,100.41000000000001,102.46,4.611351045063173,4.6290820060344045,0.45000000000000284,5.206390463468249,9,2009,100.20083333333334,0.5578604963010808,111.72666666666667,8.768023860839058,100.62
2009-10-01,100.37,102.99,100.51333333333332,103.25333333333333,4.608863357825709,4.63463189613771,0.5699999999999932,5.411030079997245,10,2009,100.2475,0.5454793554963374,109.75333333333333,7.698631913095592,100.37
2009-11-01,100.55,104.35,100.76666666666665,104.61999999999999,4.610655116218661,4.647750633523209,1.3599999999999994,5.948396491326974,11,2009,100.35666666666667,0.4478703816818989,108.09833333333334,6.31945600842547,100.55
2009-12-01,101.38,106.52,101.09666666666665,106.16333333333331,4.6188758330442035,4.668332760945732,2.1700000000000017,4.877305941998565,12,2009,100.52833333333332,0.4073603125520404,106.98416666666667,5.115414243127174,101.38
2010-01-01,101.36,107.62,101.56666666666666,107.53333333333332,4.618678536012884,4.678606504061274,1.1000000000000085,4.623131917821255,1,2010,100.615,0.4654909431792654,106.16250000000001,3.9310214379286927,101.36
2010-02-01,101.96,108.46,101.35666666666667,108.51333333333332,4.6245805795079145,4.686381441412914,0.8399999999999892,4.555242785187239,2,2010,100.68083333333333,0.5902612415985476,105.63666666666666,2.982580741369507,101.96
2010-03-01,100.75,109.46,100.94999999999999,109.05,4.612642200826793,4.695559185715772,1.0,4.592094857517281,3,2010,100.7575,0.5259471974881199,105.4875,2.7084887601089944,100.75
2010-04-01,100.14,109.23,100.38666666666666,109.24666666666666,4.606569206901798,4.693455750855452,-0.22999999999998977,4.961449145292948,4,2010,100.74000000000001,0.5439251285376431,105.48750000000001,2.7084887601089944,100.14
2010-05-01,100.27,109.05,100.21,108.99,4.607866547535834,4.691806492647638,-0.18000000000000682,5.170575987408322,5,2010,100.72583333333334,0.5545589292949374,105.77666666666666,2.8978748744345735,100.27
2010-06-01,100.22,108.69,100.18333333333334,108.64333333333332,4.607367769531579,4.688499793575096,-0.35999999999999943,5.13834539966501,6,2010,100.69833333333334,0.5719795503868451,106.17250000000001,2.948164683324258,100.22
2010-07-01,100.06,108.19,100.17,108.35333333333331,4.605770006060059,4.683888940699482,-0.5,5.413591624518012,7,2010,100.66000000000001,0.5997575267632816,106.57916666666665,2.8524358277646815,100.06
2010-08-01,100.23,108.18,100.53333333333335,108.42999999999999,4.607467545036775,4.683796506443281,-0.009999999999990905,5.006500945938954,8,2010,100.65916666666668,0.6004007500046757,107.09666666666665,2.479091964751896,100.23
2010-09-01,101.31,108.92,100.86333333333334,108.92,4.618185123065586,4.690613667805559,0.7399999999999949,5.726767038578658,9,2010,100.71666666666665,0.6286830872884699,107.63833333333334,2.0346401662360534,101.31
2010-10-01,101.05,109.66,101.40666666666665,109.88999999999999,4.61561544384963,4.697384669975903,0.7399999999999949,4.867671583381022,10,2010,100.77333333333333,0.6252320781240434,108.19416666666666,1.4866096775326771,101.05
2010-11-01,101.86,111.09,101.63,110.83333333333333,4.623599321456458,4.710340683593631,1.4300000000000068,6.360084583294809,11,2010,100.88250000000001,0.6933466272036972,108.75583333333333,1.1334858408977309,101.86
2010-12-01,101.98,111.75,101.86,111.67,4.62477671562701,4.716264233493678,0.6599999999999966,5.312833673882503,12,2010,100.9325,0.751666330712963,109.19166666666666,1.199218179659035,101.98
2011-01-01,101.74,112.17,101.93666666666667,112.07666666666665,4.622420539394619,4.720015577657132,0.4200000000000017,4.571421221791859,1,2011,100.96416666666669,0.7788273041549052,109.57083333333334,1.3649672545746658,101.74
2011-02-01,102.09,112.31,102.0,112.79,4.625854777180924,4.721262904974945,0.14000000000000057,4.4645537509694435,2,2011,100.97500000000001,0.7946811824992553,109.89166666666667,1.5234042818835416,102.09
2011-03-01,102.17,113.89,102.52666666666666,114.57,4.626638092603332,4.7352330702862595,1.5799999999999983,5.241236207621593,3,2011,101.09333333333335,0.8610810682281214,110.26083333333332,1.8996002370516227,102.17
2011-04-01,103.32,117.51,102.56666666666666,117.05999999999999,4.6378309682276395,4.7665234363458495,3.6200000000000045,4.888268607337075,4,2011,101.35833333333333,1.0163466957987235,110.95083333333332,2.7874375927245256,103.32
2011-05-01,102.21,119.78,102.20666666666666,119.36999999999999,4.627029520340985,4.785656726836316,2.269999999999996,5.357000247046046,5,2011,101.52,0.9811774003255127,111.84500000000001,3.6953840986241544,102.21
2011-06-01,101.09,120.82,101.49000000000001,120.92,4.616011209165967,4.794301834710595,1.039999999999992,5.236618812286772,6,2011,101.59249999999999,0.9056200788814242,112.85583333333334,4.354200601578729,101.09
2011-07-01,101.17,122.16,101.06333333333335,121.99999999999999,4.616802270217799,4.805331660910377,1.3400000000000034,4.963585543671564,7,2011,101.685,0.7832856207264839,114.02,4.834382540248063,101.17
2011-08-01,100.93,123.02,100.97333333333331,122.53333333333332,4.614427207250769,4.812346943780222,0.8599999999999994,4.576603140965798,8,2011,101.74333333333334,0.6849729036892,115.25666666666666,5.09568504330938,100.93
2011-09-01,100.82,122.42,100.70333333333333,122.34333333333332,4.6133367486544845,4.807457755422924,-0.5999999999999943,4.242576387657068,9,2011,101.7025,0.7265000156419761,116.38166666666666,5.0596313795543075,100.82
2011-10-01,100.36,121.59,100.52333333333333,121.27999999999999,4.608763721498222,4.800654729308327,-0.8299999999999983,4.776742523966489,10,2011,101.645,0.8058140999243305,117.37583333333335,4.783343179168517,100.36
2011-11-01,100.39,119.83,100.42666666666666,119.84999999999998,4.609062600703435,4.786074071694426,-1.7600000000000051,5.428199397161736,11,2011,101.5225,0.8786055584124051,118.10416666666667,4.388307725874606,100.39
2011-12-01,100.53,118.13,100.63999999999999,118.40999999999998,4.610456190417329,4.771785712960429,-1.7000000000000028,5.107046872065102,12,2011,101.40166666666666,0.9091437863412053,118.63583333333332,3.9087651115116646,100.53
2012-01-01,101.0,117.27,100.96666666666665,117.27999999999999,4.61512051684126,4.764478968472973,-0.8599999999999994,4.377130610644006,1,2012,101.33999999999999,0.9092054473302064,119.06083333333332,3.3838371396803253,101.0
2012-02-01,101.37,116.44,100.84333333333332,115.95333333333332,4.618777189394308,4.757376118877422,-0.8299999999999983,5.086590462925591,2,2012,101.27999999999999,0.878449046486521,119.40499999999999,2.7932955446928944,101.37
2012-03-01,100.16,114.15,100.52666666666666,113.71,4.606768907351788,4.737513372975805,-2.289999999999992,5.192658689864419,3,2012,101.1125,0.8849255233173398,119.42666666666668,2.747257585743539,100.16
2012-04-01,100.05,110.54,100.13,111.00999999999999,4.605670061029742,4.705377446405117,-3.6099999999999994,4.558071281899434,4,2012,100.83999999999999,0.6014225560363339,118.84583333333335,3.7449662174308194,100.05
2012-05-01,100.18,108.34,99.99000000000001,108.59333333333332,4.606968567929471,4.685274430229753,-2.200000000000003,5.076862552972764,5,2012,100.67083333333333,0.4466126719966692,117.89249999999998,4.794563445858725,100.18
2012-06-01,99.74,106.9,99.87666666666667,106.86333333333333,4.602566800117977,4.671893818030999,-1.4399999999999977,5.029104359223,6,2012,100.55833333333334,0.49844910989146923,116.7325,5.632566224442305,99.74
2012-07-01,99.71,105.35,100.02666666666666,105.76333333333332,4.602265972840701,4.6572881402501976,-1.5500000000000114,4.428514851084689,7,2012,100.43666666666667,0.5135320355296116,115.33166666666666,6.2197585941656826,99.71
2012-08-01,100.63,105.04,100.84666666666665,105.62333333333333,4.611450423945242,4.65434122999454,-0.30999999999998806,5.178893680174141,8,2012,100.41166666666665,0.4942732651136258,113.83333333333336,6.363298649047558,100.63
2012-09-01,102.2,106.48,101.22666666666667,106.17333333333333,4.626931677769604,4.667957174086856,1.4399999999999977,5.280392263184117,9,2012,100.52666666666666,0.7109575276067345,112.505,6.064608958389856,102.2
2012-10-01,100.85,107.0,101.17333333333333,106.85333333333331,4.613634264400221,4.672828834461906,0.519999999999996,5.541525621587638,10,2012,100.5675,0.714577115884315,111.28916666666665,5.5152935442085465,100.85
2012-11-01,100.47,107.08,100.52999999999999,106.96333333333332,4.609859175474223,4.673576218652152,0.0799999999999983,5.526901026017452,11,2012,100.57416666666666,0.7131423207867162,110.22666666666667,4.915906155871351,100.47
2012-12-01,100.27,106.81,100.66333333333334,106.98666666666666,4.607866547535834,4.671051555101604,-0.269999999999996,4.311165316021454,12,2012,100.5525,0.7185354422840027,109.28333333333335,4.310240097369304,100.27
2013-01-01,101.25,107.07,100.94666666666666,106.96666666666665,4.617592705986649,4.673482826170178,0.2599999999999909,4.531087480042439,1,2013,100.57333333333332,0.7360994662696875,108.43333333333334,3.5265469418871667,101.25
2013-02-01,101.32,107.02,100.79333333333334,106.90999999999998,4.618283825133474,4.673015732883159,-0.04999999999999716,5.25751763360433,2,2013,100.56916666666667,0.731305909543622,107.64833333333333,2.4734585037346593,101.32
2013-03-01,99.81,106.64,100.38333333333333,106.75666666666666,4.603268378698495,4.6694586758704535,-0.37999999999999545,5.256892975456104,3,2013,100.54,0.7556815105946575,107.0225,1.3929375434671414,99.81
2013-04-01,100.02,106.61,99.92333333333333,106.53666666666665,4.605370165990758,4.669177315962384,-0.030000000000001137,5.257523843153024,4,2013,100.53750000000001,0.7574973747329755,106.695,0.8449475508199357,100.02
2013-05-01,99.94,106.36,100.00333333333333,106.55333333333333,4.604570005916059,4.666829566374819,-0.25,6.92636574532736,5,2013,100.5175,0.770845167804367,106.53000000000002,0.6696539133288132,99.94
2013-06-01,100.05,106.69,100.08666666666666,106.77999999999999,4.605670061029742,4.66992743320337,0.3299999999999983,5.285445255346583,6,2013,100.54333333333334,0.7472535572267008,106.5125,0.6618036649258743,100.05
2013-07-01,100.27,107.29,100.38333333333333,107.15999999999998,4.607866547535834,4.675535448648655,0.6000000000000085,5.567782820090299,7,2013,100.58999999999999,0.706875326541269,106.67416666666668,0.5844415879257818,100.27
2013-08-01,100.83,107.5,100.71999999999998,107.02999999999999,4.613435930405124,4.677490847567717,0.20999999999999375,5.477000881746601,8,2013,100.60666666666667,0.7102539025311378,106.87916666666666,0.3390483562547446,100.83
2013-09-01,101.06,106.3,100.79333333333334,106.57333333333332,4.615714399863762,4.666265285347902,-1.2000000000000028,5.325695625652899,9,2013,100.51166666666666,0.5315129919448138,106.86416666666668,0.36154864713158597,101.06
2013-10-01,100.49,105.92,100.63,106.0,4.610058220060867,4.662684092188698,-0.37999999999999545,4.842365377679827,10,2013,100.48166666666667,0.5207308383998991,106.77416666666666,0.4486030505580026,100.49
2013-11-01,100.34,105.78,100.44666666666667,105.91333333333331,4.608564419056107,4.6613614656378335,-0.14000000000000057,5.379484610246633,11,2013,100.47083333333335,0.5223453809212332,106.66583333333334,0.5194132762217305,100.34
2013-12-01,100.51,106.04,100.51333333333334,105.75666666666666,4.610257225036649,4.663816381420824,0.2600000000000051,4.613587392731214,12,2013,100.49083333333334,0.5185374244990615,106.60166666666667,0.5468227788921982,100.51
2014-01-01,100.69,105.45,100.58333333333333,105.38,4.612046489927524,4.658236906924784,-0.5900000000000034,4.881590696629996,1,2014,100.44416666666667,0.4666019976837473,106.46666666666668,0.6162545715610719,100.69
2014-02-01,100.55,104.65,100.26666666666667,104.82999999999998,4.610655116218661,4.650621448892009,-0.7999999999999972,4.757318226085448,2,2014,100.38,0.3801435135696847,106.26916666666666,0.7806460999284763,100.55
2014-03-01,99.56,104.39,100.06333333333333,104.49666666666667,4.600760477499391,4.648133885420207,-0.2600000000000051,5.040937069693161,3,2014,100.35916666666667,0.41907817307934436,106.08166666666666,0.9378586182783537,99.56
2014-04-01,100.08,104.45,99.94666666666667,104.51999999999998,4.605969866158656,4.648708488002574,0.060000000000002274,6.157329283336754,4,2014,100.36416666666666,0.4150018254797473,105.90166666666669,1.029994115899728,100.08
2014-05-01,100.2,104.72,100.19333333333333,104.71666666666665,4.607168188650764,4.651290121601645,0.269999999999996,4.066367403704126,5,2014,100.38583333333332,0.39725097021070876,105.765,1.071613057710068,100.2
2014-06-01,100.3,104.98,100.24333333333334,104.88,4.60816569496789,4.653769855824153,0.2600000000000051,5.343130095187257,6,2014,100.40666666666665,0.3843845927603498,105.6225,1.0509227547083577,100.3
2014-07-01,100.23,104.94,100.25,104.74333333333333,4.607467545036775,4.653388758258566,-0.04000000000000625,4.193642064405174,7,2014,100.40333333333332,0.3858481409554946,105.42666666666666,0.923130379182621,100.23
2014-08-01,100.22,104.31,100.28333333333335,104.28999999999998,4.607367769531579,4.64736723468788,-0.6299999999999955,4.764034067105284,8,2014,100.3525,0.3640960163073911,105.16083333333334,0.7054393644884239,100.22
2014-09-01,100.4,103.62,100.24333333333334,103.71999999999998,4.609162207257629,4.640730361386642,-0.6899999999999977,5.544475298483683,9,2014,100.29750000000001,0.2897687165497492,104.9375,0.7355903627823708,100.4
2014-10-01,100.11,103.23,100.08,103.14999999999998,4.606269581431392,4.636959508477498,-0.39000000000000057,5.0321400095477316,10,2014,100.26583333333333,0.28757475971338264,104.71333333333332,0.8145978743955818,100.11
2014-11-01,99.73,102.6,99.86666666666667,102.55666666666666,4.602466534413777,4.630837932736669,-0.6300000000000097,4.461127611035347,11,2014,100.21499999999999,0.3247796455779885,104.44833333333332,0.9431555673601874,99.73
2014-12-01,99.76,101.84,99.76333333333332,101.79333333333334,4.602767301371781,4.623402954249151,-0.7599999999999909,4.642348145370016,12,2014,100.15249999999999,0.33485750022130867,104.09833333333334,1.0696204367849154,99.76
2015-01-01,99.8,100.94,99.83666666666666,101.04,4.603168183317418,4.614526280912116,-0.9000000000000057,5.339798874467338,1,2015,100.07833333333332,0.30192814718156663,103.72250000000001,1.315571946133926,99.8
2015-02-01,99.95,100.34,99.96666666666668,100.73666666666666,4.604670060946409,4.608564419056107,-0.5999999999999943,4.634816684141431,2,2015,100.02833333333332,0.2640190534903273,103.36333333333334,1.5974714869177453,99.95
2015-03-01,100.15,100.93,100.08,100.75333333333333,4.606669062111827,4.614427207250769,0.5900000000000034,5.108229294790988,3,2015,100.0775,0.22017038856278365,103.075,1.7040193127373429,100.15
2015-04-01,100.14,100.99,100.15000000000002,100.95666666666666,4.606569206901798,4.6150215020384655,0.05999999999998806,5.0227859199519065,4,2015,100.0825,0.22091236436008221,102.78666666666668,1.742502554234907,100.14
2015-05-01,100.16,100.95,100.21666666666665,100.97999999999998,4.606768907351788,4.614625344758847,-0.03999999999999204,4.674199826197092,5,2015,100.07916666666667,0.21927393964160033,102.47249999999998,1.7016202172154586,100.16
2015-06-01,100.35,101.0,100.21333333333332,100.94999999999999,4.608664075242347,4.61512051684126,0.04999999999999716,6.071972044662663,6,2015,100.08333333333333,0.22426985909135977,102.14083333333332,1.549524609404939,100.35
2015-07-01,100.13,100.9,100.13666666666666,100.83666666666666,4.606469341719712,4.6141299273595635,-0.09999999999999432,5.316959511159006,7,2015,100.075,0.22014458059085162,101.80416666666667,1.3057736009621663,100.13
2015-08-01,99.93,100.61,99.95,100.50333333333333,4.604469940873698,4.611251656303959,-0.29000000000000625,3.9874287066711966,8,2015,100.05083333333334,0.21869274142365056,101.49583333333332,1.0770959131203703,99.93
2015-09-01,99.79,100.0,99.94333333333334,100.20333333333332,4.603067977896221,4.605170185988092,-0.6099999999999994,5.093227157384714,9,2015,100.0,0.2002725415750938,101.19416666666666,0.9241650613424275,99.79
2015-10-01,100.11,100.0,99.99000000000001,100.11333333333333,4.606269581431392,4.605170185988092,0.0,4.669106767615806,10,2015,100.0,0.2002725415750938,100.925,0.7265672714896997,100.11
2015-11-01,100.07,100.34,100.06666666666666,100.31333333333332,4.605869941102364,4.608564419056107,0.3400000000000034,5.426216667398112,11,2015,100.02833333333335,0.18180075674040205,100.73666666666668,0.5150345678307359,100.07
2015-12-01,100.02,100.6,100.02999999999999,100.57999999999998,4.605370165990758,4.611152257665639,0.2599999999999909,4.603739630783649,12,2015,100.05000000000001,0.16124515496558864,100.63333333333333,0.38031884549994427,100.02
2016-01-01,100.0,100.8,100.14666666666666,100.89333333333332,4.605170185988092,4.613138355637268,0.20000000000000284,4.94263177926655,1,2016,100.06666666666668,0.14227587371830713,100.62166666666666,0.3721151662720608,100.0
2016-02-01,100.42,101.28,100.33,101.25999999999999,4.609361390606559,4.617888958395866,0.480000000000004,5.252493639490228,2,2016,100.10583333333334,0.16935483638196105,100.7,0.40492423533745453,100.42
2016-03-01,100.57,101.7,100.44,101.62333333333333,4.610854002456389,4.622027303054514,0.4200000000000017,5.432877597085061,3,2016,100.14083333333333,0.2162262423451483,100.76416666666665,0.4955521866533889,100.57
2016-04-01,100.33,101.89,100.48,101.95666666666666,4.608464752937522,4.6238937999861935,0.18999999999999773,4.399851796472112,4,2016,100.15666666666668,0.22300971578219417,100.83916666666666,0.5916303872786625,100.33
2016-05-01,100.54,102.28,100.44333333333333,102.18666666666667,4.610555658264429,4.627714150422986,0.39000000000000057,4.832749382079526,5,2016,100.18833333333333,0.2489919068903756,100.95,0.7240416863940561,100.54
2016-06-01,100.46,102.39,100.37666666666667,102.35333333333331,4.609759638321899,4.628789051586725,0.10999999999999943,4.762527344419522,6,2016,100.1975,0.25736867789918766,101.06583333333334,0.8353927582915975,100.46
2016-07-01,100.13,102.39,100.23,102.44999999999999,4.606469341719712,4.628789051586725,0.0,4.673335383713144,7,2016,100.19749999999999,0.25736867789918766,101.19,0.9154035374432504,100.13
2016-08-01,100.1,102.57,100.25666666666666,102.76666666666665,4.6061696863211745,4.630545492319319,0.1799999999999926,5.882727120140548,8,2016,100.21166666666666,0.24572095531055924,101.35333333333334,0.9754004616597414,100.1
2016-09-01,100.54,103.34,100.49000000000001,103.32999999999998,4.610555658264429,4.638024522859038,0.7700000000000102,5.202490855480478,9,2016,100.27416666666666,0.22305557127935882,101.63166666666667,1.029172954219524,100.54
2016-10-01,100.83,104.08,100.61666666666667,103.97666666666665,4.613435930405124,4.64515983420425,0.7399999999999949,4.369558022832478,10,2016,100.33416666666666,0.26732541739961185,101.97166666666668,1.11175400592799,100.83
2016-11-01,100.48,104.51,100.51333333333334,104.44,4.609958702719888,4.649282760606412,0.4300000000000068,5.458930973527388,11,2016,100.36833333333334,0.2564737567058273,102.31916666666666,1.2033170694779174,100.48
2016-12-01,100.23,104.73,100.39,104.81666666666666,4.607467545036775,4.651385609785055,0.21999999999999886,6.061078098506316,12,2016,100.38583333333332,0.23696790474409568,102.66333333333334,1.2563607858582506,100.23
2017-01-01,100.46,105.21,100.30666666666667,104.98333333333333,4.609759638321899,4.655958352820196,0.47999999999998977,5.5162326302755735,1,2017,100.42416666666666,0.20375824950774243,103.03083333333335,1.3057805630303252,100.46
2017-02-01,100.23,105.01,100.3,104.94999999999999,4.607467545036775,4.654055583717902,-0.19999999999998863,4.2403150170229935,2,2017,100.40833333333335,0.21135206876140375,103.34166666666668,1.2950242772966756,100.23
2017-03-01,100.21,104.63,100.14666666666666,104.64333333333332,4.607267984070237,4.6504303173929555,-0.38000000000000966,4.757882963566875,3,2017,100.37833333333333,0.21186759730523755,103.58583333333333,1.2320452938348032,100.21
2017-04-01,100.0,104.29,99.89333333333332,104.03333333333335,4.605170185988092,4.6471754801331215,-0.3399999999999892,5.633455574593311,4,2017,100.35083333333334,0.2384593860343561,103.78583333333334,1.1215772849253287,100.0
2017-05-01,99.47,103.18,99.76666666666667,103.33333333333333,4.599856091164322,4.636475035816504,-1.1099999999999994,4.64616526719061,5,2017,100.26166666666666,0.339808323867532,103.86083333333333,1.0387620108337492,99.47
2017-06-01,99.83,102.53,99.80333333333333,102.74,4.603468739348334,4.630155438682,-0.6500000000000057,5.2219097140731146,6,2017,100.20916666666666,0.35472033371581363,103.87249999999999,1.0213816400079418,99.83
2017-07-01,100.11,102.51,100.28666666666668,102.79666666666667,4.606269581431392,4.62996035479531,-0.01999999999999602,5.387317026714668,7,2017,100.2075,0.3551728132510561,103.88250000000001,1.0060193835110023,100.11
2017-08-01,100.92,103.35,100.54,103.08666666666666,4.614328123772857,4.638121286127777,0.8399999999999892,4.536534764210958,8,2017,100.27583333333332,0.40761966080987694,103.9475,0.9362898249812849,100.92
2017-09-01,100.59,103.4,100.64,103.24,4.611052849146247,4.638604962074329,0.05000000000001137,4.9702373219691,9,2017,100.27999999999999,0.41080851544680697,103.9525,0.9329047988065081,100.59
2017-10-01,100.41,102.97,100.37666666666667,102.99333333333333,4.609261803891345,4.63443768366866,-0.4300000000000068,3.379366329965464,10,2017,100.245,0.37611651966324816,103.86,0.973270026998881,100.41
2017-11-01,100.13,102.61,100.25,102.72333333333331,4.606469341719712,4.630935393874117,-0.35999999999999943,4.487806179332855,11,2017,100.21583333333332,0.3697531936878568,103.70166666666667,1.0117027351165424,100.13
2017-12-01,100.21,102.59,100.28333333333332,102.61333333333333,4.607267984070237,4.630740462099621,-0.01999999999999602,4.87371592430342,12,2017,100.21416666666666,0.3697286064455754,103.52333333333333,1.0025271098880486,100.21
2018-01-01,100.51,102.64,100.48333333333333,102.79666666666667,4.610257225036649,4.631227720307381,0.04999999999999716,4.376108409017576,1,2018,100.21833333333332,0.37301799452891216,103.30916666666667,0.8759769437950375,100.51
2018-02-01,100.73,103.16,100.32333333333334,102.82,4.612443669954589,4.636281181013144,0.519999999999996,5.816205651965817,2,2018,100.25999999999999,0.4012933635587921,103.15499999999999,0.6931417276036312,100.73
2018-03-01,99.73,102.66,100.18,102.85333333333331,4.602466534413777,4.631422557132157,-0.5,4.284929311019684,3,2018,100.21999999999998,0.4296510211787557,102.99083333333334,0.5249148560104833,99.73
2018-04-01,100.08,102.74,100.12,103.08666666666664,4.605969866158656,4.632201525039122,0.0799999999999983,4.779977756651508,4,2018,100.22666666666665,0.42653643845899475,102.86166666666666,0.3310817897666038,100.08
2018-05-01,100.55,103.86,100.41333333333334,103.75666666666666,4.610655116218661,4.6430438384161725,1.1200000000000045,5.065370288643046,5,2018,100.31666666666668,0.3613191320031446,102.91833333333334,0.43301970002063883,100.55
2018-06-01,100.61,104.67,100.35666666666667,104.32999999999998,4.611251656303959,4.650812543866793,0.8100000000000023,5.720636644533058,6,2018,100.38166666666666,0.3350124375800873,103.09666666666665,0.646562003401316,100.61
2018-07-01,99.91,104.46,100.32333333333332,104.36999999999999,4.604269780744927,4.6488042230081525,-0.21000000000000796,4.2820689244102805,7,2018,100.36500000000001,0.354182798206613,103.25916666666666,0.7258907798300789,99.91
2018-08-01,100.45,103.98,100.31666666666666,104.13999999999999,4.609660091260944,4.6441985729555695,-0.47999999999998977,5.58158187607748,8,2018,100.32583333333334,0.3105261907657884,103.31166666666667,0.75524629737382,100.45
2018-09-01,100.59,103.98,100.45666666666666,103.95,4.611052849146247,4.6441985729555695,0.0,5.0051165305097935,9,2018,100.32583333333334,0.3105261907657884,103.36,0.7795803066684971,100.59
2018-10-01,100.33,103.89,100.21,103.77666666666666,4.608464752937522,4.64333264708244,-0.09000000000000341,4.509245674476024,10,2018,100.31916666666666,0.30941170963717435,103.43666666666667,0.7829702575719691,100.33
2018-11-01,99.71,103.46,99.92999999999999,103.44333333333331,4.602265972840701,4.639185064575369,-0.4300000000000068,5.231051737131636,11,2018,100.28416666666668,0.35338514485761824,103.5075,0.738575102354575,99.71
2018-12-01,99.75,102.98,99.85333333333334,103.0,4.602667055769973,4.634534794617996,-0.47999999999998977,5.0995298477867355,12,2018,100.24583333333334,0.38563898174638306,103.54,0.7022172675952784,99.75
2019-01-01,100.1,102.56,100.21666666666665,102.72333333333331,4.6061696863211745,4.63044799317236,-0.4200000000000017,4.6998915614206025,1,2019,100.21166666666666,0.3781974792793859,103.53333333333332,0.7118520445522513,100.1
2019-02-01,100.8,102.63,100.23,102.62666666666667,4.613138355637268,4.631130287657623,0.06999999999999318,5.03490104249501,2,2019,100.21750000000002,0.3873482107401372,103.48916666666668,0.7524077513172712,100.8
2019-03-01,99.79,102.69,100.3,102.75,4.603067977896221,4.631714741210204,0.060000000000002274,4.80734320156912,3,2019,100.22250000000001,0.3808155124800015,103.49166666666667,0.7494462602278998,99.79
2019-04-01,100.31,102.93,100.19666666666667,102.83,4.608265390895394,4.6340491455384685,0.2400000000000091,5.056758672625624,4,2019,100.24166666666667,0.37877393913739066,103.5075,0.733969593127842,100.31
2019-05-01,100.49,102.87,100.23666666666666,102.64999999999999,4.610058220060867,4.6334660551429385,-0.060000000000002274,5.331065337260523,5,2019,100.23666666666666,0.374707967097068,103.42500000000001,0.7462816918806539,100.49
2019-06-01,99.91,102.15,100.19333333333333,102.48333333333333,4.604269780744927,4.626442321263631,-0.7199999999999989,5.7930084080726765,6,2019,100.17833333333334,0.3656832542299132,103.21499999999999,0.7181225522150744,99.91
2019-07-01,100.18,102.43,100.12333333333333,102.27999999999999,4.606968567929471,4.629179638448443,0.28000000000000114,4.381092250586575,7,2019,100.20083333333332,0.3558461959210182,103.04583333333333,0.6321314353163043,100.18
2019-08-01,100.28,102.26,100.25999999999999,102.22333333333331,4.607966273290093,4.627518589651853,-0.1700000000000017,6.066516687328133,8,2019,100.18666666666665,0.3483293460695968,102.90249999999999,0.5949656216194299,100.28
2019-09-01,100.32,101.98,100.39666666666666,102.16333333333334,4.608365076884611,4.62477671562701,-0.28000000000000114,4.023956100238749,9,2019,100.16416666666667,0.3280370913986184,102.73583333333333,0.5435984201818023,100.32
2019-10-01,100.59,102.25,100.62333333333333,102.58666666666666,4.611052849146247,4.627420794922911,0.269999999999996,4.924107452482208,10,2019,100.18583333333333,0.34796703953966646,102.59916666666668,0.4189045960668996,100.59
2019-11-01,100.96,103.53,100.98333333333333,103.67333333333333,4.6147243987929025,4.6398614257780215,1.2800000000000011,5.2941586032422885,11,2019,100.29,0.3783456812829027,102.605,0.4322562371387692,100.96
2019-12-01,101.4,105.24,101.19666666666667,105.06666666666666,4.619073091157083,4.656243456172092,1.7099999999999937,5.140495933867516,12,2019,100.42750000000001,0.45609259426728893,102.79333333333334,0.8755396604207063,101.4
2020-01-01,101.23,106.43,100.82000000000001,105.69,4.6173951556106605,4.667487492052953,1.190000000000012,4.688650240089703,1,2020,100.52166666666669,0.49713421149872916,103.11583333333334,1.360317197857836,101.23
2020-02-01,99.83,105.4,100.11333333333333,105.56666666666666,4.603468739348334,4.657762636107262,-1.0300000000000011,4.895938874821362,2,2020,100.44083333333333,0.5257973742687341,103.34666666666668,1.4983951010290302,99.83
2020-03-01,99.28,104.87,99.19,104.39999999999999,4.5979441408963515,4.652721487846314,-0.5300000000000011,4.753499532670584,3,2020,100.39833333333333,0.5987385729914879,103.52833333333332,1.543030273274748,99.28
2020-04-01,98.46,102.93,99.23666666666668,103.39999999999999,4.589650374330055,4.6340491455384685,-1.9399999999999977,4.705317621527894,4,2020,100.24416666666667,0.8206146070679555,103.52833333333335,1.543030273274748,98.46
2020-05-01,99.97,102.4,99.69666666666666,102.83333333333333,4.60487014097909,4.628886712605407,-0.5300000000000011,5.4248010485105125,5,2020,100.20083333333334,0.8201824445964397,103.48916666666668,1.567038076542256,99.97
2020-06-01,100.66,103.17,100.34333333333332,102.98666666666666,4.611748501348214,4.6363781131122845,0.769999999999996,5.178507742982523,6,2020,100.26333333333332,0.8245696765677948,103.57416666666667,1.514580399938778,100.66
2020-07-01,100.4,103.39,100.37666666666667,103.24666666666666,4.609162207257629,4.638508245598602,0.21999999999999886,4.653545202369673,7,2020,100.28166666666668,0.8249940311996946,103.65416666666668,1.4734465368548717,100.4
2020-08-01,100.07,103.18,100.19666666666667,103.17999999999999,4.605869941102364,4.636475035816504,-0.20999999999999375,5.449799937716626,8,2020,100.26416666666665,0.8272567847281489,103.73083333333335,1.4171704095474498,100.07
2020-09-01,100.12,102.97,100.09333333333332,102.87,4.6063694665635735,4.63443768366866,-0.21000000000000796,5.153649760438305,9,2020,100.2475,0.8280439711644432,103.81333333333333,1.3322525923025577,100.12
2020-10-01,100.09,102.46,100.06666666666666,102.30333333333333,4.606069781230928,4.629472478511056,-0.5100000000000051,5.40643105941948,10,2020,100.20583333333333,0.8217991164991236,103.83083333333333,1.3110610438137411,100.09
2020-11-01,99.99,101.48,100.06,101.36999999999999,4.605070180987758,4.6198617347310815,-0.9799999999999898,5.314814420961806,11,2020,100.125,0.7878797785541132,103.66000000000001,1.476894776826738,99.99
2020-12-01,100.1,100.17,100.05,100.22333333333331,4.6061696863211745,4.606868742623673,-1.3100000000000023,4.5855024945389635,12,2020,100.01666666666665,0.6783982918788545,103.23750000000001,1.6931687613895388,100.1
2021-01-01,100.06,99.02,100.55999999999999,99.95999999999998,4.605770006060059,4.595321849933277,-1.1500000000000057,4.719909479901515,1,2021,99.91916666666667,0.5623078796487124,102.62,1.7723789867653053,100.06
2021-02-01,101.52,100.69,100.43666666666667,100.28666666666665,4.620255823406132,4.612046489927524,1.6700000000000017,5.373646802561631,2,2021,100.06,0.7258098924649016,102.2275,1.6153363004762518,101.52
2021-03-01,99.73,101.15,100.40333333333335,101.50999999999999,4.602466534413777,4.6166045636137545,0.46000000000000796,5.3051851327167325,3,2021,100.09750000000001,0.6927169827438472,101.9175,1.4054253642742462,99.73
2021-04-01,99.96,102.69,99.95,102.24333333333334,4.604770105966751,4.631714741210204,1.539999999999992,4.989549203017926,4,2021,100.22249999999998,0.46985732844221606,101.8975,1.3913441832859257,99.96
2021-05-01,100.16,102.89,100.10333333333331,102.66333333333331,4.606768907351788,4.633660456387719,0.20000000000000284,5.058663691654391,5,2021,100.23833333333333,0.46373647166409726,101.93833333333333,1.414431034555978,100.16
2021-06-01,100.19,102.41,100.32333333333334,102.64333333333332,4.607068383271171,4.628984364087346,-0.480000000000004,5.638832447894212,6,2021,100.19916666666667,0.444327036259845,101.875,1.3706037156868092,100.19
2021-07-01,100.62,102.63,100.35333333333334,102.61666666666666,4.611351045063173,4.631130287657623,0.21999999999999886,4.704214305582085,7,2021,100.21749999999999,0.4577042514748234,101.81166666666667,1.3104741219277722,100.62
2021-08-01,100.25,102.81,100.08333333333333,102.49666666666666,4.6076670661866785,4.632882624554627,0.18000000000000682,5.273548690585019,8,2021,100.2325,0.4553744712770565,101.78083333333332,1.279335469071417,100.25
2021-09-01,99.38,102.05,99.81,102.20666666666666,4.598950886174174,4.625462889255854,-0.7600000000000051,4.898903673783053,9,2021,100.17083333333333,0.517818120637491,101.70416666666667,1.2281357515528828,99.38
2021-10-01,99.8,101.76,99.83333333333333,101.96666666666665,4.603168183317418,4.622617099591812,-0.28999999999999204,4.89115939838639,10,2021,100.14666666666666,0.5285887443050534,101.64583333333333,1.2053853275524509,99.8
2021-11-01,100.32,102.09,99.98,101.88666666666666,4.608365076884611,4.625854777180924,0.3299999999999983,5.549388425993595,11,2021,100.17416666666666,0.5282812324945857,101.69666666666667,1.2106071604652098,100.32
2021-12-01,99.82,101.81,100.11,101.94666666666666,4.603368564041463,4.623108331119105,-0.28000000000000114,5.412708174494015,12,2021,100.15083333333332,0.5379499526118438,101.83333333333333,1.1110710093773157,99.82
2022-01-01,100.19,101.94,100.33666666666666,101.72333333333331,4.607068383271171,4.624384404911896,0.12999999999999545,5.406754818000319,1,2022,100.16166666666665,0.5372629850933812,102.07666666666667,0.6718540606320785,100.19
2022-02-01,101.0,101.42,100.63,101.92333333333333,4.61512051684126,4.619270310366873,-0.519999999999996,5.652739403577165,2,2022,100.11833333333333,0.42750509477728277,102.13749999999999,0.5583437357691589,101.0
2022-03-01,100.7,102.41,100.62666666666667,102.15333333333332,4.612145799724517,4.628984364087346,0.9899999999999949,5.010501920816379,3,2022,100.19916666666666,0.4389545085837511,102.2425,0.46671238953491206,100.7
2022-04-01,100.18,102.63,100.42,102.63333333333333,4.606968567929471,4.631130287657623,0.21999999999999886,5.340976485647482,4,2022,100.21750000000002,0.43260574114622197,102.2375,0.4617776914962108,100.18
2022-05-01,100.38,102.86,100.41666666666667,102.95333333333333,4.608962984226787,4.63336884034677,0.23000000000000398,4.844866621703272,5,2022,100.23583333333333,0.4346044875585255,102.235,0.457989678327447,100.38
2022-06-01,100.69,103.37,100.49000000000001,103.12333333333333,4.612046489927524,4.638314784580394,0.5100000000000051,5.162083176244221,6,2022,100.27749999999999,0.45337371700693296,102.315,0.563116329011985,100.69
2022-07-01,100.4,103.14,100.36333333333334,103.13333333333333,4.609162207257629,4.636087288622813,-0.23000000000000398,4.934928472816158,7,2022,100.25916666666667,0.44258452368560347,102.3575,0.606616922702479,100.4
2022-08-01,100.0,102.89,100.26666666666667,103.32333333333332,4.605170185988092,4.633660456387719,-0.25,5.048497982496359,8,2022,100.23833333333334,0.4488942643941977,102.36416666666666,0.6124534614353789,100.0
2022-09-01,100.4,103.94,100.18333333333334,103.71333333333332,4.609162207257629,4.643813809580296,1.0499999999999972,5.297578512718457,9,2022,100.32333333333332,0.3591994465811558,102.52166666666666,0.7515418494768515,100.4
2022-10-01,100.15,104.31,100.31333333333333,104.21,4.606669062111827,4.64736723468788,0.37000000000000455,4.590889658383264,10,2022,100.3525,0.3254681942287422,102.73416666666667,0.8680747593835046,100.15
2022-11-01,100.39,104.38,100.17666666666666,104.41666666666667,4.609062600703435,4.6480380862152675,0.06999999999999318,6.04619363784273,11,2022,100.35833333333333,0.3254600473548428,102.925,0.9603929120180404,100.39
2022-12-01,99.99,104.56,100.3,104.61333333333333,4.605070180987758,4.649761069315966,0.18000000000000682,4.496991309250149,12,2022,100.3725,0.3028088205752246,103.15416666666665,0.9975283849534494,99.99
2023-01-01,100.52,104.9,100.32000000000001,104.59666666666665,4.610356712675391,4.653007515402251,0.3400000000000034,4.392905693606134,1,2023,100.39999999999999,0.2996968164965463,103.40083333333332,1.035255421564534,100.52
2023-02-01,100.45,104.33,100.24666666666667,104.19999999999999,4.609660091260944,4.647558952479878,-0.5700000000000074,5.579055436750034,2,2023,100.35416666666667,0.2345773116724788,103.64333333333333,0.8540420825626021,100.45
2023-03-01,99.77,103.37,99.96,103.50999999999999,4.602867536925416,4.638314784580394,-0.9599999999999937,5.395831346981468,3,2023,100.27666666666666,0.2619622919891257,103.72333333333334,0.7687100568583342,99.77
2023-04-01,99.66,102.83,99.81333333333333,102.88333333333333,4.601764392853259,4.6330771392411,-0.5400000000000063,5.312059908526077,4,2023,100.23333333333333,0.3166969682471136,103.74000000000001,0.7446414634513051,99.66
2023-05-01,100.01,102.45,99.98,102.43333333333332,4.605270180988425,4.629374874684909,-0.37999999999999545,5.31417275463214,5,2023,100.2025,0.31912166388945157,103.70583333333333,0.7963034863820652,100.01
2023-06-01,100.27,102.02,100.24333333333334,102.17999999999999,4.607866547535834,4.625168872494781,-0.4300000000000068,4.993876613576543,6,2023,100.1675,0.28162273281163,103.59333333333335,0.9318830723894735,100.27
2023-07-01,100.45,102.07,100.53333333333335,102.35333333333331,4.609660091260944,4.625658852415407,0.04999999999999716,4.551372814257085,7,2023,100.17166666666667,0.28571547618787047,103.50416666666666,1.0256745747718,100.45
2023-08-01,100.88,102.97,100.80333333333334,102.90333333333332,4.613931691656664,4.63443768366866,0.9000000000000057,5.037902279096863,8,2023,100.24499999999999,0.34452866353897016,103.51083333333332,1.0215715018212446,100.88
2023-09-01,101.08,103.67,100.67999999999999,103.41333333333331,4.615912282519994,4.641212777335021,0.7000000000000028,4.661419144243944,9,2023,100.30166666666668,0.4199963924808594,103.48833333333334,1.0142066611470906,101.08
2023-10-01,100.08,103.6,100.46999999999998,103.57333333333332,4.605969866158656,4.640537329825382,-0.07000000000000739,5.487559866708875,10,2023,100.29583333333333,0.42277134015986817,103.42916666666667,0.982116992969147,100.08
2023-11-01,100.25,103.45,100.15000000000002,103.54666666666667,4.6076670661866785,4.639088404191552,-0.14999999999999147,4.926471309248931,11,2023,100.28416666666668,0.4218672417916934,103.35166666666667,0.9358693900066821,100.25
2023-12-01,100.12,103.59,100.22666666666667,103.46999999999998,4.6063694665635735,4.640440800070011,0.14000000000000057,4.587251401603744,12,2023,100.295,0.41524363056793157,103.27083333333333,0.8609028910851346,100.12
2024-01-01,100.31,103.37,100.49000000000001,103.64666666666666,4.608265390895394,4.638314784580394,-0.21999999999999886,4.839307079173503,1,2024,100.27750000000002,0.4092815212495223,103.14333333333333,0.6949994549812126,100.31
2024-02-01,101.04,103.98,100.37333333333333,103.77666666666666,4.6155164780422355,4.6441985729555695,0.6099999999999994,5.206465727137812,2,2024,100.32666666666667,0.463707065316258,103.11416666666668,0.6463106251968652,101.04
2024-03-01,99.77,103.98,100.29333333333334,104.12333333333333,4.602867536925416,4.6441985729555695,0.0,4.718137723598012,3,2024,100.32666666666667,0.463707065316258,103.165,0.690724257573125,99.77
2024-04-01,100.07,104.41,99.96333333333332,104.27999999999999,4.605869941102364,4.648325456302019,0.4299999999999926,4.5888898022167846,4,2024,100.36083333333333,0.4234803490843339,103.29666666666667,0.7673962273147598,100.07
2024-05-01,100.05,104.45,100.09666666666665,104.39999999999999,4.605670061029742,4.648708488002574,0.04000000000000625,5.121843605745956,5,2024,100.36416666666666,0.4206155301964121,103.46333333333332,0.7838057891796201,100.05
2024-06-01,100.17,104.34,100.23333333333333,104.38999999999999,4.606868742623673,4.647654797594247,-0.10999999999999943,5.122483285554361,6,2024,100.35583333333334,0.42363059236540157,103.65666666666665,0.6738401932658765,100.17
2024-07-01,100.48,104.38,100.21666666666665,104.06333333333333,4.609958702719888,4.6480380862152675,0.03999999999999204,4.746528412314435,7,2024,100.35833333333333,0.42432477555699966,103.84916666666668,0.48201203933160164,100.48
2024-08-01,100.0,103.47,100.25666666666666,103.50333333333332,4.605170185988092,4.6392817156168595,-0.9099999999999966,4.764480847190838,8,2024,100.28500000000001,0.401395293716985,103.89083333333333,0.416226737451722,100.0
2024-09-01,100.29,102.66,100.20666666666666,103.01333333333332,4.608065989100117,4.631422557132157,-0.8100000000000023,5.116024968678818,9,2024,100.21916666666665,0.3145403091188009,103.80666666666666,0.5466315583700432,100.29
2024-10-01,100.33,102.91,100.25,102.78666666666668,4.608464752937522,4.6338548198480005,0.25,4.275957829251338,10,2024,100.24000000000001,0.31275898359300947,103.74916666666667,0.6036624332632683,100.33
2024-11-01,100.13,102.79,100.25,102.88666666666666,4.606469341719712,4.6326880720248305,-0.11999999999999034,4.296268112811722,11,2024,100.23,0.314324672909951,103.69416666666666,0.6607634473344625,100.13
2024-12-01,100.29,102.96,100.29,102.96,4.608065989100117,4.634340563287871,0.1699999999999875,4.640777889373782,12,2024,100.24416666666666,0.3127432386691763,103.64166666666667,0.6939849793152123,100.29
