time,cpi_mom,cpi_yoy,oil_price,gold_price,interest_rate,cpi_mom_smoothed,cpi_yoy_smoothed,cpi_mom_log,cpi_yoy_log,cpi_yoy_diff,month,year,cpi_mom_diff,cpi_mom_rolling_mean,cpi_mom_rolling_std,cpi_yoy_rolling_mean,cpi_yoy_rolling_std
1995-12-01,100.3,112.91,19.55,388.1,,100.3,112.91,4.60816569496789,4.726591041192431,,12,1995,,,,,
1996-01-01,100.9,109.76,17.74,408.5,,101.23333333333333,110.49000000000001,4.6141299273595635,4.6982961639775755,-3.1499999999999915,1,1996,0.6000000000000085,,,,
1996-02-01,102.5,108.8,19.54,401.2,,101.39999999999999,109.33999999999999,4.629862798578463,4.689511334421843,-0.960000000000008,2,1996,1.5999999999999943,,,,
1996-03-01,100.8,109.46,21.47,398.4,,101.13333333333333,108.91333333333334,4.613138355637268,4.695559185715772,0.6599999999999966,3,1996,-1.7000000000000028,,,,
1996-04-01,100.1,108.48,21.2,393.5,25.41,100.13333333333333,107.99000000000001,4.6061696863211745,4.686565824192085,-0.9799999999999898,4,1996,-0.7000000000000028,,,,
1996-05-01,99.5,106.03,19.76,394.4,24.29,99.7,106.39,4.600157644164547,4.6637220729377065,-2.450000000000003,5,1996,-0.5999999999999943,,,,
1996-06-01,99.5,104.66,20.92,381.6,23.17,99.43333333333334,104.87333333333333,4.600157644164547,4.650717000944062,-1.3700000000000045,6,1996,0.0,,,,
1996-07-01,99.3,103.93,20.42,393.1,24.68,99.46666666666665,103.93,4.598145571051127,4.6437175956003305,-0.7299999999999898,7,1996,-0.20000000000000284,,,,
1996-08-01,99.6,103.2,22.25,391.3,24.61,99.73333333333333,103.37666666666667,4.601162164590552,4.636668853047462,-0.730000000000004,8,1996,0.29999999999999716,,,,
1996-09-01,100.3,103.0,24.38,380.5,23.27,100.0,103.06666666666666,4.60816569496789,4.634728988229636,-0.20000000000000284,9,1996,0.7000000000000028,,,,
1996-10-01,100.1,103.0,23.35,379.1,23.89,100.43333333333334,103.27333333333333,4.6061696863211745,4.634728988229636,0.0,10,1996,-0.20000000000000284,,,,
1996-11-01,100.9,103.82,23.75,373.0,23.920350877192984,100.66666666666667,103.79,4.6141299273595635,4.642658630399083,0.8199999999999932,11,1996,0.8000000000000114,100.31666666666666,0.8871131252380987,106.42083333333333,3.3357061630276448
1996-12-01,101.0,104.55,25.92,369.2,23.950701754385964,100.89999999999999,104.27,4.61512051684126,4.649665425874643,0.730000000000004,12,1996,0.09999999999999432,100.375,0.9086703572703515,105.72416666666665,2.6622425896339004
1997-01-01,100.8,104.44,24.15,346.0,23.981052631578947,101.2,104.24000000000001,4.613138355637268,4.648612743830928,-0.10999999999999943,1,1997,-0.20000000000000284,100.36666666666666,0.9038637601816469,105.28083333333332,2.354212697324187
1997-02-01,101.8,103.73,20.3,365.1,24.01140350877193,100.7,103.52,4.623010104116422,4.6417913694437365,-0.7099999999999937,2,1997,1.0,100.30833333333332,0.7656943768814595,104.85833333333333,2.1072163168646427
1997-03-01,99.5,102.39,20.41,354.0,24.041754385964914,100.23333333333333,102.60000000000001,4.600157644164547,4.628789051586725,-1.3400000000000034,3,1997,-2.299999999999997,100.2,0.7816067367347231,104.26916666666666,1.640285220948045
1997-04-01,99.4,101.68,20.21,341.2,24.07210526315789,99.46666666666665,101.91666666666667,4.599152113662528,4.621830626881199,-0.7099999999999937,4,1997,-0.09999999999999432,100.14166666666667,0.8151501070169292,103.70249999999999,1.1566104475028163
1997-05-01,99.5,101.68,20.88,347.5,24.10245614035088,99.66666666666667,101.88333333333334,4.600157644164547,4.621830626881199,0.0,5,1997,0.09999999999999432,100.14166666666667,0.8151501070169292,103.33999999999999,1.0362344417079228
1997-06-01,100.1,102.29,19.8,335.3,24.13280701754386,99.93333333333334,102.39666666666666,4.6061696863211745,4.627811916468916,0.6099999999999994,6,1997,0.5999999999999943,100.19166666666668,0.7902339507827465,103.1425,0.9864364237910714
1997-07-01,100.2,103.22,20.14,328.6,24.16315789473684,100.13333333333333,103.08,4.607168188650764,4.6368626327205815,0.9299999999999926,7,1997,0.10000000000000853,100.26666666666665,0.7389591369356042,103.08333333333333,0.9557227948552632
1997-08-01,100.1,103.73,19.61,327.4,24.193508771929825,100.3,103.66666666666667,4.6061696863211745,4.6417913694437365,0.5100000000000051,8,1997,-0.10000000000000853,100.30833333333334,0.7115390915388164,103.1275,0.973682092975791
1997-09-01,100.6,104.05,21.18,336.9,24.223859649122808,100.33333333333333,104.01,4.611152257665639,4.644871552839644,0.3199999999999932,9,1997,0.5,100.33333333333333,0.7164728420068256,103.21499999999999,1.00776530456789
1997-10-01,100.3,104.25,21.08,312.1,24.25421052631579,100.39999999999999,103.97666666666667,4.60816569496789,4.646791860678911,0.20000000000000284,10,1997,-0.29999999999999716,100.35000000000001,0.7128687243678336,103.31916666666666,1.047346936817268
1997-11-01,100.3,103.63,19.15,296.9,24.28456140350877,100.53333333333335,103.83666666666666,4.60816569496789,4.640826863196126,-0.6200000000000045,11,1997,0.0,100.3,0.6915069183904254,103.30333333333334,1.0405010448059782
1997-12-01,101.0,103.63,17.64,289.9,24.314912280701755,100.96666666666665,103.90666666666665,4.61512051684126,4.640826863196126,0.0,12,1997,0.7000000000000028,100.3,0.6915069183904254,103.22666666666667,0.9719271702356765
1998-01-01,101.6,104.46,17.21,304.6,24.34526315789474,101.59999999999998,104.32,4.6210435351443815,4.6488042230081525,0.8299999999999983,1,1998,0.5999999999999943,100.36666666666667,0.7773303186177846,103.22833333333334,0.9742114138049213
1998-02-01,102.2,104.87,15.44,300.1,24.37561403508772,101.0,104.62666666666667,4.626931677769604,4.652721487846314,0.4100000000000108,2,1998,0.6000000000000085,100.39999999999999,0.8495988358149895,103.32333333333334,1.077668639689217
1998-03-01,99.2,104.55,15.61,303.3,24.4059649122807,101.0,105.42666666666666,4.597138014290827,4.649665425874643,-0.3200000000000074,3,1998,-3.0,100.375,0.8822749519900774,103.50333333333333,1.0879449629573013
1998-04-01,101.6,106.86,15.39,307.9,24.436315789473685,100.73333333333333,106.77,4.6210435351443815,4.671519566529625,2.3100000000000023,4,1998,2.3999999999999915,100.55833333333334,0.8897990920665324,103.935,1.3047639981655872
1998-05-01,101.4,108.9,15.2,295.1,24.46666666666667,101.0,108.18666666666667,4.619073091157083,4.690430029938915,2.0400000000000063,5,1998,-0.19999999999998863,100.71666666666665,0.8526251796479496,104.53666666666668,1.7567704529170676
1998-06-01,100.0,108.8,14.18,298.1,24.49701754385965,100.3,108.58,4.605170185988092,4.689511334421843,-0.10000000000000853,6,1998,-1.4000000000000057,100.70833333333333,0.8596599045640971,105.07916666666667,1.9896434506227774
1998-07-01,99.5,108.04,14.21,290.5,24.527368421052632,100.2,108.64999999999999,4.600157644164547,4.682501528924415,-0.7599999999999909,7,1998,-0.5,100.64999999999999,0.9189915421512087,105.48083333333334,2.065286501513388
1998-08-01,101.1,109.11,13.34,278.9,24.557719298245612,100.53333333333335,108.89999999999999,4.616110126026426,4.692356547667007,1.0699999999999932,8,1998,1.5999999999999943,100.73333333333333,0.9098784467602189,105.92916666666667,2.2281849863360614
1998-09-01,101.0,109.55,16.14,299.0,24.5880701754386,100.8,109.40333333333332,4.61512051684126,4.696381066041475,0.4399999999999977,9,1998,-0.09999999999999432,100.76666666666667,0.9118745261905017,106.3875,2.3677996114536626
1998-10-01,100.3,109.55,14.42,293.7,24.61842105263158,100.46666666666665,109.47666666666665,4.60816569496789,4.696381066041475,0.0,10,1998,-0.7000000000000028,100.76666666666667,0.9118745261905017,106.82916666666667,2.426424448867249
1998-11-01,100.1,109.33,11.22,295.1,24.64877192982456,100.39999999999999,109.33,4.6061696863211745,4.694370831446394,-0.21999999999999886,11,1998,-0.20000000000000284,100.75,0.9229399665298836,107.30416666666666,2.2977240056326917
1998-12-01,100.8,109.11,12.05,289.2,24.679122807017546,100.86666666666667,109.21999999999998,4.613138355637268,4.692356547667007,-0.21999999999999886,12,1998,0.7000000000000028,100.73333333333335,0.9198155282776036,107.76083333333334,2.030089377044277
1999-01-01,101.7,109.22,12.75,288.2,24.70947368421053,101.46666666666665,109.07666666666667,4.622027303054514,4.693364196724008,0.10999999999999943,1,1999,0.9000000000000057,100.74166666666666,0.9287903504836368,108.15750000000001,1.7755773708853542
1999-02-01,101.9,108.9,12.27,288.3,24.73982456140351,100.96666666666665,109.04333333333334,4.623991940228679,4.690430029938915,-0.3199999999999932,2,1999,0.20000000000000284,100.71666666666665,0.8891603120956661,108.49333333333333,1.4481859080389459
1999-03-01,99.3,109.01,16.76,281.9,24.770175438596493,100.2,108.18666666666668,4.598145571051127,4.691439621140267,0.10999999999999943,3,1999,-2.6000000000000085,100.72500000000001,0.8739929269528676,108.865,0.7464522148745262
1999-04-01,99.4,106.65,18.66,287.8,24.80052631578948,99.43333333333334,106.80666666666667,4.599152113662528,4.669552444917359,-2.3599999999999994,4,1999,0.10000000000000853,100.54166666666667,0.9039894743286461,108.84750000000001,0.798386156283805
1999-05-01,99.6,104.76,16.84,272.0,24.830877192982456,99.56666666666666,105.28333333333335,4.601162164590552,4.651672019639511,-1.8900000000000006,5,1999,0.19999999999998863,100.39166666666667,0.8979353422089457,108.5025,1.4234473199691768
1999-06-01,99.7,104.44,19.29,263.6,24.86122807017544,99.63333333333333,104.58333333333333,4.602165676967792,4.648612743830928,-0.3200000000000074,6,1999,0.10000000000000853,100.36666666666667,0.9138662457665961,108.13916666666667,1.8369810130821687
1999-07-01,99.6,104.55,20.53,258.8,24.891578947368423,99.63333333333333,103.99666666666667,4.601162164590552,4.649665425874643,0.10999999999999943,7,1999,-0.10000000000000853,100.375,0.9056639954902096,107.84833333333334,2.1100789874631403
1999-08-01,99.6,103.0,22.11,257.3,24.921929824561403,99.53333333333335,102.97000000000001,4.601162164590552,4.634728988229636,-1.5499999999999972,8,1999,0.0,100.25,0.9000000000000109,107.33916666666666,2.4823063261752814
1999-09-01,99.4,101.36,24.51,299.5,24.952280701754383,99.33333333333333,101.46999999999998,4.599152113662528,4.618678536012884,-1.6400000000000006,9,1999,-0.19999999999998863,100.11666666666666,0.8973023543664281,106.65666666666665,2.908502686742439
1999-10-01,99.0,100.05,21.75,300.3,24.98263157894737,99.60000000000001,100.58666666666666,4.59511985013459,4.605670061029742,-1.3100000000000023,10,1999,-0.4000000000000057,100.00833333333333,0.9500797414699131,105.86500000000001,3.314007461449889
1999-11-01,100.4,100.35,24.59,293.0,25.012982456140357,99.96666666666665,100.14999999999999,4.609162207257629,4.608664075242347,0.29999999999999716,11,1999,1.4000000000000057,100.03333333333335,0.9566355184455242,105.11666666666667,3.470630891909834
1999-12-01,100.5,100.05,25.6,289.6,25.043333333333333,100.43333333333334,99.72333333333331,4.61015772749913,4.605670061029742,-0.29999999999999716,12,1999,0.09999999999999432,100.00833333333333,0.9385272150200844,104.36166666666666,3.508200350175248
2000-01-01,100.4,98.77,27.64,286.2,25.07368421052632,100.83333333333333,99.10000000000001,4.609162207257629,4.592793914920036,-1.2800000000000011,1,2000,-0.09999999999999432,99.90000000000002,0.7885544888073419,103.49083333333333,3.4895335930421583
2000-02-01,101.6,98.48,30.43,294.2,25.1040350877193,100.3,98.44666666666666,4.6210435351443815,4.589853481876198,-0.28999999999999204,2,2000,1.1999999999999886,99.875,0.7212678231609234,102.6225,3.3131504507177
2000-03-01,98.9,98.09,26.9,281.4,25.134385964912283,99.93333333333334,98.18666666666667,4.594109238628667,4.585885424576224,-0.39000000000000057,3,2000,-2.6999999999999886,99.84166666666668,0.7585372686155972,101.71250000000002,2.8691592845291742
2000-04-01,99.3,97.99,25.74,274.7,25.164736842105263,99.2,97.95666666666666,4.598145571051127,4.584865432647727,-0.10000000000000853,4,2000,0.3999999999999915,99.83333333333333,0.7643575238345262,100.99083333333333,2.589862959987477
2000-05-01,99.4,97.79,29.01,274.8,25.195087719298247,99.39999999999999,97.79,4.599152113662528,4.5828223223241835,-0.19999999999998863,5,2000,0.10000000000000853,99.81666666666666,0.7720496137299918,100.41000000000001,2.4452477100768943
2000-06-01,99.5,97.59,32.5,291.5,25.22543859649123,99.43333333333334,97.59333333333335,4.600157644164547,4.5807750291533695,-0.20000000000000284,6,2000,0.09999999999999432,99.8,0.7769403861535245,99.83916666666666,2.206867209142365
2000-07-01,99.4,97.4,27.43,283.2,25.25578947368421,99.66666666666667,97.62666666666667,4.599152113662528,4.578826210648489,-0.18999999999999773,7,2000,-0.09999999999999432,99.78333333333335,0.7837361955673913,99.24333333333334,1.7338938487657833
2000-08-01,100.1,97.89,33.12,282.1,25.286140350877197,99.76666666666667,97.85666666666668,4.6061696863211745,4.583844399273339,0.4899999999999949,8,2000,0.6999999999999886,99.82499999999999,0.7863899102284523,98.8175,1.3008118094621952
2000-09-01,99.8,98.28,30.84,276.9,25.316491228070177,100.0,98.51333333333332,4.603168183317418,4.587820547652979,0.39000000000000057,9,2000,-0.29999999999999716,99.85833333333335,0.7751343969489127,98.56083333333333,1.0290017963879596
2000-10-01,100.1,99.37,32.7,266.4,25.34684210526316,100.26666666666667,99.17333333333333,4.6061696863211745,4.598850257243272,1.0900000000000034,10,2000,0.29999999999999716,99.95,0.7280109889280643,98.50416666666666,0.9556478843108647
2000-11-01,100.9,99.87,33.82,273.3,25.37719298245614,100.36666666666667,99.57000000000001,4.6141299273595635,4.603869340255043,0.5,11,2000,0.8000000000000114,99.99166666666667,0.7692479601808785,98.46416666666666,0.878277843109415
2000-12-01,100.1,99.47,26.8,273.6,25.407543859649124,100.43333333333334,99.57000000000001,4.6061696863211745,4.599856091164322,-0.4000000000000057,12,2000,-0.8000000000000114,99.95833333333333,0.7537281078784838,98.41583333333334,0.79509242839869
2001-01-01,100.3,99.37,28.66,268.0,25.437894736842107,100.26666666666667,99.01333333333334,4.60816569496789,4.598850257243272,-0.09999999999999432,1,2001,0.20000000000000284,99.94999999999999,0.7489386429535528,98.46583333333335,0.837142958719293
2001-02-01,100.4,98.2,27.39,267.8,25.468245614035087,100.0,98.72000000000001,4.609162207257629,4.58700621536042,-1.1700000000000017,2,2001,0.10000000000000853,99.85000000000001,0.5664883855023968,98.44250000000001,0.8406071939648223
2001-03-01,99.3,98.59,26.29,259.2,25.49859649122807,99.73333333333333,98.52666666666669,4.598145571051127,4.59096983658695,0.39000000000000057,3,2001,-1.1000000000000085,99.88333333333333,0.5149286505444597,98.48416666666667,0.8339114661241276
2001-04-01,99.5,98.79,28.46,264.4,25.52894736842105,99.53333333333335,98.85666666666668,4.600157644164547,4.592996385056383,0.20000000000000284,4,2001,0.20000000000000284,99.89999999999999,0.49726524840647207,98.55083333333334,0.8227167670516002
2001-05-01,99.8,99.19,28.37,266.9,25.55929824561404,99.76666666666667,99.22333333333331,4.603168183317418,4.597037202757902,0.3999999999999915,5,2001,0.29999999999999716,99.93333333333334,0.4735424207422694,98.6675,0.8040706097442603
2001-06-01,100.0,99.69,26.25,271.3,25.589649122807018,99.86666666666667,99.65666666666668,4.605170185988092,4.602065371034612,0.5,6,2001,0.20000000000000284,99.97500000000001,0.4535215741084912,98.84250000000002,0.7762863225288853
2001-07-01,99.8,100.09,26.35,269.2,25.62,99.93333333333332,99.92333333333333,4.603168183317418,4.606069781230928,0.4000000000000057,7,2001,-0.20000000000000284,100.00833333333333,0.42094770423058187,99.06666666666666,0.7071882009162254
2001-08-01,100.0,99.99,27.2,276.5,24.05,100.09999999999998,100.25666666666666,4.605170185988092,4.605070180987758,-0.10000000000000853,8,2001,0.20000000000000284,100.0,0.41995670772552707,99.24166666666667,0.6467939581059846
2001-09-01,100.5,100.69,23.43,294.0,24.8,100.16666666666667,100.42333333333333,4.61015772749913,4.612046489927524,0.7000000000000028,9,2001,0.5,100.05833333333332,0.43788403058624437,99.44250000000001,0.6935170575342056
2001-10-01,100.0,100.59,21.18,280.5,21.2,100.23333333333333,100.38999999999999,4.605170185988092,4.611052849146247,-0.09999999999999432,10,2001,-0.5,100.05,0.43797052619806764,99.54416666666667,0.7674095544378027
2001-11-01,100.2,99.89,19.44,274.9,19.75,100.39999999999999,100.42333333333333,4.607168188650764,4.604069580544058,-0.7000000000000028,11,2001,0.20000000000000284,99.99166666666666,0.35280263174999776,99.54583333333335,0.768202841742081
2001-12-01,101.0,100.79,19.84,279.0,19.1,100.76666666666667,100.76,4.61512051684126,4.613039144366787,0.9000000000000057,12,2001,0.7999999999999972,100.06666666666666,0.457926816966424,99.65583333333335,0.8468385950466714
2002-01-01,101.1,101.6,19.48,282.9,19.05,101.43333333333334,101.93666666666667,4.616110126026426,4.6210435351443815,0.8099999999999881,1,2002,0.09999999999999432,100.13333333333334,0.5449492609130948,99.84166666666665,1.0077953736505978
2002-02-01,102.2,103.42,21.74,297.1,18.73,100.83333333333333,102.77666666666666,4.626931677769604,4.638798366968075,1.8200000000000074,2,2002,1.1000000000000085,100.28333333333332,0.808852535535657,100.27666666666666,1.3146332591489893
2002-03-01,99.2,103.31,26.31,303.7,18.56,100.46666666666665,103.52,4.597138014290827,4.637734176861354,-0.10999999999999943,3,2002,-3.0,100.27499999999999,0.8203380677833876,100.67,1.4619600790471028
2002-04-01,100.0,103.83,27.29,309.2,18.33,99.83333333333333,103.83,4.605170185988092,4.642754946315362,0.519999999999996,4,2002,0.7999999999999972,100.31666666666666,0.7895146188218243,101.08999999999999,1.5910259697326827
2002-05-01,100.3,104.35,25.31,327.5,18.19,100.13333333333333,104.21333333333332,4.60816569496789,4.647750633523209,0.519999999999996,5,2002,0.29999999999999716,100.35833333333333,0.7727852028196504,101.52,1.7226776198170137
2002-06-01,100.1,104.46,26.86,313.9,18.61,100.10000000000001,104.45666666666666,4.6061696863211745,4.6488042230081525,0.10999999999999943,6,2002,-0.20000000000000284,100.36666666666667,0.7691002220225855,101.9175,1.810133721830893
2002-07-01,99.9,104.56,27.02,305.2,19.7,100.03333333333335,104.56333333333333,4.604169685654508,4.649761069315966,0.10000000000000853,7,2002,-0.19999999999998863,100.375,0.7629190353802248,102.29,1.859139585937623
2002-08-01,100.1,104.67,28.98,313.9,18.02,100.06666666666666,104.52666666666666,4.6061696863211745,4.650812543866793,0.10999999999999943,8,2002,0.19999999999998863,100.38333333333334,0.7589865651384383,102.68,1.8233236385539047
2002-09-01,100.2,104.35,30.45,325.2,19.26,100.2,104.56333333333333,4.607168188650764,4.647750633523209,-0.3200000000000074,9,2002,0.10000000000000853,100.35833333333335,0.7597348022152244,102.985,1.765376601593818
2002-10-01,100.3,104.67,27.22,318.4,21.92,100.26666666666667,104.59666666666665,4.60816569496789,4.650812543866793,0.3200000000000074,10,2002,0.09999999999999432,100.38333333333334,0.7517655985422278,103.325,1.651393351082786
2002-11-01,100.3,104.77,26.89,316.8,24.52,100.3,104.49333333333334,4.60816569496789,4.651767471364874,0.09999999999999432,11,2002,0.0,100.39166666666667,0.7501010032999255,103.73166666666667,1.2899036844477942
2002-12-01,100.3,104.04,31.2,348.2,25.55,100.5,104.21666666666665,4.60816569496789,4.64477544058045,-0.7299999999999898,12,2002,0.0,100.33333333333333,0.7253003557565939,104.0025,0.8976649000199277
2003-01-01,100.9,103.84,33.51,369.1,25.75,101.13333333333333,103.90666666666668,4.6141299273595635,4.64285125295578,-0.20000000000000284,1,2003,0.6000000000000085,100.31666666666666,0.7081773446780032,104.18916666666667,0.4954421043758872
2003-02-01,102.2,103.84,36.6,350.3,25.676,100.83333333333333,103.91000000000001,4.626931677769604,4.64285125295578,0.0,2,2003,1.2999999999999972,100.31666666666668,0.7081773446780032,104.22416666666668,0.4488056540999091
2003-03-01,99.4,104.05,31.04,336.9,25.602,100.53333333333335,103.98,4.599152113662528,4.644871552839644,0.20999999999999375,3,2003,-2.799999999999997,100.33333333333333,0.6813533769215948,104.28583333333334,0.3522256077976413
2003-04-01,100.0,104.05,25.8,339.4,25.528,99.76666666666667,103.91000000000001,4.605170185988092,4.644871552839644,0.0,4,2003,0.5999999999999943,100.33333333333333,0.6813533769215948,104.30416666666667,0.3314556965695713
2003-05-01,99.9,103.63,29.56,365.6,25.454,99.86666666666667,103.63333333333333,4.604169685654508,4.640826863196126,-0.4200000000000017,5,2003,-0.09999999999999432,100.30000000000001,0.6928203230275753,104.24416666666666,0.383487781798082
2003-06-01,99.7,103.22,30.19,346.3,25.38,99.76666666666667,103.28666666666668,4.602165676967792,4.6368626327205815,-0.4099999999999966,6,2003,-0.20000000000000284,100.26666666666667,0.712656149821791,104.14083333333332,0.4759575675006422
2003-07-01,99.7,103.01,30.54,355.8,23.79,99.76666666666667,103.01333333333334,4.602165676967792,4.634826070895602,-0.20999999999999375,7,2003,0.0,100.25,0.7242551032236395,104.01166666666666,0.5555314136173188
2003-08-01,99.9,102.81,31.57,376.8,22.16,99.89999999999999,102.83999999999999,4.604169685654508,4.632882624554627,-0.20000000000000284,8,2003,0.20000000000000284,100.23333333333333,0.7302967433402412,103.85666666666667,0.6117832850603836
2003-09-01,100.1,102.7,29.2,386.1,19.4,99.93333333333334,102.56666666666668,4.6061696863211745,4.631812116934513,-0.10999999999999943,9,2003,0.19999999999998863,100.22499999999998,0.7312815649753217,103.71916666666668,0.6731669836520938
2003-10-01,99.8,102.19,29.11,384.6,18.45,100.16666666666667,102.46333333333332,4.603168183317418,4.626833825624118,-0.5100000000000051,10,2003,-0.29999999999999716,100.18333333333334,0.7408021860037293,103.51249999999999,0.7327671712578099
2003-11-01,100.6,102.5,30.41,396.8,17.77,100.39999999999999,102.56666666666666,4.611152257665639,4.629862798578463,0.3100000000000023,11,2003,0.7999999999999972,100.20833333333333,0.7501010032999172,103.32333333333332,0.6688434160189798
2003-12-01,100.8,103.01,32.52,416.1,16.11,100.83333333333333,102.90666666666668,4.613138355637268,4.634826070895602,0.5100000000000051,12,2003,0.20000000000000284,100.25,0.769297199928749,103.2375,0.6336779365522667
2004-01-01,101.1,103.21,33.05,402.9,16.22,101.63333333333333,103.41333333333334,4.616110126026426,4.636765747577842,0.19999999999998863,1,2004,0.29999999999999716,100.26666666666667,0.7866307130972647,103.185,0.6046561757804967
2004-02-01,103.0,104.02,36.16,396.8,16.2,101.63333333333333,104.24000000000001,4.634728988229636,4.644583188344926,0.8100000000000023,2,2004,1.9000000000000057,100.33333333333333,0.9763879010584751,103.19999999999999,0.6242959671068357
2004-03-01,100.8,105.49,35.76,428.3,15.83,101.43333333333334,105.17333333333333,4.613138355637268,4.658616161693717,1.4699999999999989,3,2004,-2.200000000000003,100.45,0.9375984796761176,103.32,0.8860535588164661
2004-04-01,100.5,106.01,37.38,387.5,15.63,100.73333333333335,106.19,4.61015772749913,4.663533429285006,0.5200000000000102,4,2004,-0.29999999999999716,100.49166666666667,0.9268307027258084,103.48333333333333,1.1684903495408663
2004-05-01,100.9,107.07,39.88,394.9,15.9,100.73333333333333,107.11333333333334,4.6141299273595635,4.673482826170178,1.059999999999988,5,2004,0.4000000000000057,100.57499999999999,0.913658977558261,103.77,1.5630855266545172
2004-06-01,100.8,108.26,37.05,393.0,15.76,100.73333333333333,108.15000000000002,4.613138355637268,4.6845357413688316,1.190000000000012,6,2004,-0.10000000000000853,100.66666666666667,0.8721273190344151,104.19000000000001,2.013960367940957
2004-07-01,100.5,109.12,43.8,393.7,15.83,100.63333333333333,109.09000000000002,4.61015772749913,4.692448194095152,0.8599999999999994,7,2004,-0.29999999999999716,100.73333333333335,0.8205689083394773,104.69916666666667,2.419952885842518
2004-08-01,100.6,109.89,42.12,412.4,15.98,100.46666666666665,109.70666666666666,4.611152257665639,4.699479865458833,0.769999999999996,8,2004,0.09999999999999432,100.79166666666667,0.7798115545477514,105.28916666666667,2.7570816532023223
2004-09-01,100.3,110.11,49.64,420.4,16.29,100.3,110.11,4.60816569496789,4.7014798661255,0.21999999999999886,9,2004,-0.29999999999999716,100.80833333333334,0.7656943768815347,105.90666666666665,2.9476873318011965
2004-10-01,100.0,110.33,51.76,429.4,16.92,100.16666666666667,110.11000000000001,4.605170185988092,4.703475874772215,0.21999999999999886,10,2004,-0.29999999999999716,100.82499999999999,0.7436091348649984,106.585,2.951241649327952
2004-11-01,100.2,109.89,49.13,453.2,17.42,100.26666666666667,109.96333333333332,4.607168188650764,4.699479865458833,-0.4399999999999977,11,2004,0.20000000000000284,100.79166666666667,0.7633161305459447,107.20083333333334,2.7878452361289354
2004-12-01,100.6,109.67,43.45,438.4,17.84,100.63333333333333,109.74333333333334,4.611152257665639,4.697475856772117,-0.21999999999999886,12,2004,0.3999999999999915,100.77499999999999,0.7652985157322164,107.75583333333334,2.528569334384299
2005-01-01,101.1,109.67,48.2,424.1,18.46,101.39999999999999,109.49333333333334,4.616110126026426,4.697475856772117,0.0,1,2005,0.5,100.77499999999999,0.7652985157322164,108.29416666666667,2.12885141175568
2005-02-01,102.5,109.14,51.75,437.6,18.85,101.23333333333333,109.06333333333333,4.629862798578463,4.6926314617580855,-0.5300000000000011,2,2005,1.4000000000000057,100.73333333333333,0.635800616736514,108.72083333333335,1.6545939261966693
2005-03-01,100.1,108.38,55.4,431.1,19.26,101.06666666666666,108.67,4.6061696863211745,4.685643570137968,-0.7600000000000051,3,2005,-2.4000000000000057,100.675,0.6607502622708554,108.96166666666666,1.3175861768150856
2005-04-01,100.6,108.49,49.72,436.1,19.51,100.39999999999999,108.31,4.611152257665639,4.686658002834359,0.10999999999999943,4,2005,0.5,100.68333333333332,0.6589707309452533,109.16833333333334,0.9579317999389139
2005-05-01,100.5,108.06,51.97,418.9,19.76,100.5,108.06,4.61015772749913,4.68268662841592,-0.4299999999999926,5,2005,-0.09999999999999432,100.64999999999999,0.6571287406728386,109.25083333333335,0.788421418617105
2005-06-01,100.4,107.63,56.5,437.1,19.74,100.43333333333334,107.73666666666666,4.609162207257629,4.678699419276207,-0.4300000000000068,6,2005,-0.09999999999999432,100.61666666666666,0.6589707309452408,109.19833333333332,0.8764580924834129
2005-07-01,100.4,107.52,60.57,435.8,19.67,100.4,107.48666666666666,4.609162207257629,4.677676876774839,-0.10999999999999943,7,2005,0.0,100.60833333333333,0.6612087187091897,109.065,1.0021476937063059
2005-08-01,100.4,107.31,68.94,438.1,19.59,100.53333333333335,107.56,4.609162207257629,4.675721841939036,-0.20999999999999375,8,2005,0.0,100.59166666666665,0.663952809568126,108.84999999999998,1.0825894882183422
2005-09-01,100.8,107.85,66.24,472.3,19.33,100.53333333333335,107.81333333333333,4.613138355637268,4.680741372835166,0.539999999999992,9,2005,0.3999999999999915,100.63333333333333,0.6596601512533544,108.66166666666668,1.0391765387982528
2005-10-01,100.4,108.28,59.76,466.9,18.81,100.53333333333335,108.20666666666666,4.609162207257629,4.684720464746101,0.4300000000000068,10,2005,-0.3999999999999915,100.66666666666667,0.634369168879078,108.49083333333334,0.8990344146853914
2005-11-01,100.4,108.49,57.32,498.7,18.09,100.53333333333335,108.49333333333333,4.609162207257629,4.686658002834359,0.20999999999999375,11,2005,0.0,100.68333333333334,0.6235285709476126,108.37416666666667,0.7845028342654436
2005-12-01,100.8,108.71,61.04,519.7,17.92,100.8,108.67333333333333,4.613138355637268,4.6886837862159085,0.21999999999999886,12,2005,0.3999999999999915,100.7,0.6237715199422026,108.29416666666667,0.6826879805509174
2006-01-01,101.2,108.82,67.92,575.5,17.19,101.36666666666667,108.63999999999999,4.617098756853365,4.689695141057779,0.10999999999999943,1,2006,0.4000000000000057,100.70833333333333,0.6302356461650428,108.22333333333334,0.5600378775076108
2006-02-01,102.1,108.39,61.41,563.9,16.67,100.93333333333332,108.31666666666666,4.625952725170619,4.685735833827659,-0.4299999999999926,2,2006,0.8999999999999915,100.675,0.5293649711941306,108.16083333333331,0.48530137465623097
2006-03-01,99.5,107.74,66.63,586.7,16.23,100.60000000000001,107.81333333333333,4.600157644164547,4.6797209172523875,-0.6500000000000057,3,2006,-2.5999999999999943,100.625,0.6107000454025071,108.1075,0.49411307134453486
2006-04-01,100.2,107.31,71.88,654.5,15.66,100.10000000000001,107.49000000000001,4.607168188650764,4.675721841939036,-0.4299999999999926,4,2006,0.7000000000000028,100.59166666666668,0.622981589299501,108.00916666666667,0.5273683951880549
2006-05-01,100.6,107.42,71.29,649.0,15.27,100.39999999999999,107.38333333333333,4.611152257665639,4.676746384477314,0.10999999999999943,5,2006,0.3999999999999915,100.60000000000001,0.6223124032773254,107.95583333333333,0.5534759308781239
2006-06-01,100.4,107.42,73.93,616.0,15.0,100.46666666666668,107.42,4.609162207257629,4.676746384477314,0.0,6,2006,-0.19999999999998863,100.60000000000001,0.6223124032773254,107.93833333333333,0.567848144447364
2006-07-01,100.4,107.42,74.4,646.8,14.63,100.4,107.42,4.609162207257629,4.676746384477314,0.0,7,2006,0.0,100.60000000000001,0.6223124032773254,107.93,0.5752311788243988
2006-08-01,100.4,107.42,70.26,634.2,14.14,100.36666666666667,107.24333333333334,4.609162207257629,4.676746384477314,0.0,8,2006,0.0,100.60000000000001,0.6223124032773254,107.93916666666667,0.5652426403103726
2006-09-01,100.3,106.89,62.91,604.2,13.95,100.3,106.99333333333334,4.60816569496789,4.671800268285854,-0.5300000000000011,9,2006,-0.10000000000000853,100.55833333333334,0.6244391422903496,107.85916666666667,0.6417654390730915
2006-10-01,100.2,106.67,58.73,606.8,13.6,100.36666666666667,106.81666666666666,4.607168188650764,4.669739956637391,-0.21999999999999886,10,2006,-0.09999999999999432,100.54166666666667,0.6316764611058521,107.72500000000001,0.7104096129576363
2006-11-01,100.6,106.89,63.13,652.9,13.15,100.43333333333334,106.71,4.611152257665639,4.671800268285854,0.21999999999999886,11,2006,0.3999999999999915,100.55833333333334,0.6302356461650156,107.59166666666665,0.7038960839289431
2006-12-01,100.5,106.57,61.05,638.0,13.08,100.73333333333333,106.63999999999999,4.61015772749913,4.668802046232865,-0.3200000000000074,12,2006,-0.09999999999999432,100.53333333333335,0.6257117159804597,107.41333333333331,0.664808015122044
2007-01-01,101.1,106.46,58.14,657.9,12.89,101.26666666666665,106.53333333333332,4.616110126026426,4.667769327744611,-0.10999999999999943,1,2007,0.5999999999999943,100.52499999999999,0.6166257152660195,107.21666666666665,0.550013773932961
2007-02-01,102.2,106.57,61.79,672.5,12.71,101.03333333333332,106.63999999999999,4.626931677769604,4.668802046232865,0.10999999999999943,2,2007,1.1000000000000085,100.53333333333335,0.6400757530925798,107.065,0.436213042196872
2007-03-01,99.8,106.89,65.87,669.0,12.57,100.83333333333333,106.89,4.603168183317418,4.671800268285854,0.3200000000000074,3,2007,-2.4000000000000057,100.55833333333334,0.6006940430313945,106.99416666666667,0.3823244298992727
2007-04-01,100.5,107.21,65.71,683.5,12.35,100.36666666666667,107.17333333333333,4.61015772749913,4.674789527868148,0.3199999999999932,4,2007,0.7000000000000028,100.58333333333333,0.5905826604193145,106.98583333333333,0.3758495427544282
2007-05-01,100.8,107.42,64.01,666.7,12.06,100.73333333333333,107.52999999999999,4.613138355637268,4.676746384477314,0.21000000000000796,5,2007,0.29999999999999716,100.60000000000001,0.5939084716750166,106.98583333333333,0.3758495427544282
2007-06-01,100.9,107.96,70.68,650.9,11.72,100.86666666666667,107.95666666666666,4.6141299273595635,4.681760788149804,0.539999999999992,6,2007,0.10000000000000853,100.64166666666667,0.5961365513696357,107.03083333333332,0.45627858980669456
2007-07-01,100.9,108.49,78.21,679.3,11.39,100.8,108.38666666666666,4.6141299273595635,4.686658002834359,0.5300000000000011,7,2007,0.0,100.68333333333332,0.5951826814033928,107.11999999999999,0.6158807440648923
2007-08-01,100.6,108.71,74.04,681.9,11.21,100.66666666666667,108.71,4.611152257665639,4.6886837862159085,0.21999999999999886,8,2007,-0.30000000000001137,100.7,0.5892985043870733,107.2275,0.7670382827952997
2007-09-01,100.5,108.93,81.66,750.0,11.09,100.60000000000001,109.03666666666668,4.61015772749913,4.690705474094354,0.22000000000001307,9,2007,-0.09999999999999432,100.71666666666668,0.5797073451843834,107.3975,0.8999810604072446
2007-10-01,100.7,109.47,94.53,795.3,11.14,100.8,109.50666666666667,4.612145799724517,4.695650539116466,0.539999999999992,10,2007,0.20000000000000284,100.75833333333334,0.5567083998148191,107.63083333333333,1.0454356058894536
2007-11-01,101.2,110.12,88.71,789.1,11.131,101.60000000000001,110.78000000000002,4.617098756853365,4.701570680274407,0.6500000000000057,11,2007,0.5,100.80833333333332,0.5680242205678079,107.89999999999999,1.2358287613069932
2007-12-01,102.9,112.75,95.98,838.0,11.124,102.16000000000001,112.35000000000001,4.633757642840004,4.725172978382788,2.6299999999999955,12,2007,1.7000000000000028,101.00833333333333,0.8173775508333212,108.415,1.7931916695203607
2008-01-01,102.38,114.18,91.75,928.0,11.115,102.94666666666667,114.21,4.628691381029437,4.737776150536114,1.4300000000000068,1,2008,-0.5200000000000102,101.11500000000001,0.9088304172247857,109.05833333333334,2.331943525487159
2008-02-01,103.56,115.7,101.84,975.0,11.115,102.97666666666667,116.42666666666666,4.640151154883337,4.751000634199631,1.519999999999996,2,2008,1.1800000000000068,101.22833333333334,1.1173168618155094,109.81916666666667,2.872931535219993
2008-03-01,102.99,119.4,101.58,921.5,11.25,102.91666666666667,118.83999999999999,4.63463189613771,4.782479200958502,3.700000000000003,3,2008,-0.5700000000000074,101.49416666666667,1.1260426145121438,110.86166666666666,3.825295789712062
2008-04-01,102.2,121.42,113.46,865.1,11.595,103.03333333333335,121.99333333333334,4.626931677769604,4.799255609702288,2.019999999999996,4,2008,-0.789999999999992,101.63583333333334,1.096137502434273,112.04583333333333,4.693113830309619
2008-05-01,103.91,125.16,127.35,891.5,12.04,102.75,124.42666666666666,4.643525139864555,4.829592918800682,3.739999999999995,5,2008,1.7099999999999937,101.895,1.2389108119636796,113.52416666666669,5.773260396523062
2008-06-01,102.14,126.7,140.0,928.3,12.24,102.39333333333333,126.28333333333332,4.626344421219498,4.841822087327094,1.5400000000000063,6,2008,-1.769999999999996,101.99833333333333,1.199460737417694,115.08583333333335,6.60587129802433
2008-07-01,101.13,126.99,124.08,922.7,12.85,101.61,127.29666666666667,4.616406817914079,4.844108343200942,0.28999999999999204,7,2008,-1.0100000000000051,102.0175,1.1820254188931962,116.6275,7.069114802498978
2008-08-01,101.56,128.2,115.46,835.2,13.28,100.95666666666666,127.66333333333331,4.620649756836477,4.853591544486569,1.2099999999999937,8,2008,0.4300000000000068,102.09749999999998,1.1075043607550619,118.25166666666667,7.3191974638721575
2008-09-01,100.18,127.8,100.64,880.8,13.635,100.51666666666667,127.55666666666666,4.606968567929471,4.850466541943434,-0.3999999999999915,9,2008,-1.3799999999999955,102.07083333333333,1.152408216288939,119.82416666666666,7.159744101995669
2008-10-01,99.81,126.67,67.81,718.2,13.69,99.74333333333334,126.22666666666665,4.603268378698495,4.841585279495541,-1.1299999999999955,10,2008,-0.37000000000000455,101.99666666666666,1.2711722101585292,121.2575,6.598103205398663
2008-11-01,99.24,124.21,54.43,819.0,13.552,99.45666666666666,123.58999999999999,4.5975411588236,4.821973681556102,-2.460000000000008,11,2008,-0.5700000000000074,101.83333333333333,1.4899379690160373,122.43166666666667,5.61664706407884
2008-12-01,99.32,119.89,44.6,884.3,13.405,99.62666666666667,120.52666666666666,4.598346960639966,4.786574655719562,-4.319999999999993,12,2008,0.0799999999999983,101.53500000000001,1.6104798833098921,123.02666666666669,4.819383840913881
2009-01-01,100.32,117.48,41.68,928.4,12.635,100.27,117.38,4.608365076884611,4.766268106330419,-2.4099999999999966,1,2009,1.0,101.36333333333333,1.621970369269493,123.30166666666666,4.338889328625685
2009-02-01,101.17,114.77,44.76,942.5,11.98,100.44,114.5,4.616802270217799,4.742930125692577,-2.710000000000008,2,2009,0.8500000000000085,101.16416666666667,1.4670530654921683,123.22416666666668,4.492594832981779
2009-03-01,99.83,111.25,49.66,925.0,11.075,100.45,111.74999999999999,4.603468739348334,4.711779921046349,-3.519999999999996,3,2009,-1.3400000000000034,100.90083333333332,1.3911699349392848,122.545,5.602261718595229
2009-04-01,100.35,109.23,51.12,891.2,10.125,100.20666666666666,108.68666666666665,4.608664075242347,4.693455750855452,-2.019999999999996,4,2009,0.519999999999996,100.74666666666667,1.3355035368615955,121.52916666666665,6.801599355142871
2009-05-01,100.44,105.58,66.31,980.3,9.71,100.44666666666666,106.25,4.609560534289384,4.65946895939547,-3.6500000000000057,5,2009,0.09000000000000341,100.4575,0.8894955158556527,119.8975,8.079852749558404
2009-06-01,100.55,103.94,69.89,927.4,9.01,100.50333333333333,104.27666666666664,4.610655116218661,4.643813809580296,-1.6400000000000006,6,2009,0.10999999999999943,100.32499999999999,0.7179706248738983,118.00083333333335,8.961147915847496
2009-07-01,100.52,103.31,69.45,955.8,8.62,100.43666666666667,103.07333333333332,4.610356712675391,4.637734176861354,-0.6299999999999955,7,2009,-0.030000000000001137,100.27416666666666,0.6761718223449679,116.02750000000002,9.398311381210066
2009-08-01,100.24,101.97,69.96,953.5,8.59,100.46,102.56666666666666,4.607567310587813,4.624678652376135,-1.3400000000000034,8,2009,-0.28000000000000114,100.16416666666667,0.542040896366016,113.84166666666668,9.360069767934789
2009-09-01,100.62,102.42,70.61,1009.3,8.64,100.41000000000001,102.46,4.611351045063173,4.6290820060344045,0.45000000000000284,9,2009,0.38000000000000966,100.20083333333334,0.5578604963010808,111.72666666666667,8.768023860839058
2009-10-01,100.37,102.99,77.0,1040.4,8.625,100.51333333333332,103.25333333333333,4.608863357825709,4.63463189613771,0.5699999999999932,10,2009,-0.25,100.2475,0.5454793554963374,109.75333333333333,7.698631913095592
2009-11-01,100.55,104.35,77.28,1182.3,8.629,100.76666666666665,104.61999999999999,4.610655116218661,4.647750633523209,1.3599999999999994,11,2009,0.1799999999999926,100.35666666666667,0.4478703816818989,108.09833333333334,6.31945600842547
2009-12-01,101.38,106.52,79.36,1096.2,8.63,101.09666666666665,106.16333333333331,4.6188758330442035,4.668332760945732,2.1700000000000017,12,2009,0.8299999999999983,100.52833333333332,0.4073603125520404,106.98416666666667,5.115414243127174
2010-01-01,101.36,107.62,72.89,1083.8,8.64,101.56666666666666,107.53333333333332,4.618678536012884,4.678606504061274,1.1000000000000085,1,2010,-0.01999999999999602,100.615,0.4654909431792654,106.16250000000001,3.9310214379286927
2010-02-01,101.96,108.46,79.66,1118.9,8.763,101.35666666666667,108.51333333333332,4.6245805795079145,4.686381441412914,0.8399999999999892,2,2010,0.5999999999999943,100.68083333333333,0.5902612415985476,105.63666666666666,2.982580741369507
2010-03-01,100.75,109.46,83.76,1114.5,8.66,100.94999999999999,109.05,4.612642200826793,4.695559185715772,1.0,3,2010,-1.2099999999999937,100.7575,0.5259471974881199,105.4875,2.7084887601089944
2010-04-01,100.14,109.23,86.15,1180.7,9.37,100.38666666666666,109.24666666666666,4.606569206901798,4.693455750855452,-0.22999999999998977,4,2010,-0.6099999999999994,100.74000000000001,0.5439251285376431,105.48750000000001,2.7084887601089944
2010-05-01,100.27,109.05,73.97,1215.0,9.865,100.21,108.99,4.607866547535834,4.691806492647638,-0.18000000000000682,5,2010,0.12999999999999545,100.72583333333334,0.5545589292949374,105.77666666666666,2.8978748744345735
2010-06-01,100.22,108.69,75.63,1245.9,10.354,100.18333333333334,108.64333333333332,4.607367769531579,4.688499793575096,-0.35999999999999943,6,2010,-0.04999999999999716,100.69833333333334,0.5719795503868451,106.17250000000001,2.948164683324258
2010-07-01,100.06,108.19,78.95,1183.9,10.63,100.17,108.35333333333331,4.605770006060059,4.683888940699482,-0.5,7,2010,-0.1599999999999966,100.66000000000001,0.5997575267632816,106.57916666666665,2.8524358277646815
2010-08-01,100.23,108.18,71.92,1250.3,10.658,100.53333333333335,108.42999999999999,4.607467545036775,4.683796506443281,-0.009999999999990905,8,2010,0.1700000000000017,100.65916666666668,0.6004007500046757,107.09666666666665,2.479091964751896
2010-09-01,101.31,108.92,79.97,1309.6,10.636,100.86333333333334,108.92,4.618185123065586,4.690613667805559,0.7399999999999949,9,2010,1.0799999999999983,100.71666666666665,0.6286830872884699,107.63833333333334,2.0346401662360534
2010-10-01,101.05,109.66,81.43,1357.6,10.646,101.40666666666665,109.88999999999999,4.61561544384963,4.697384669975903,0.7399999999999949,10,2010,-0.2600000000000051,100.77333333333333,0.6252320781240434,108.19416666666666,1.4866096775326771
2010-11-01,101.86,111.09,84.11,1386.1,10.705,101.63,110.83333333333333,4.623599321456458,4.710340683593631,1.4300000000000068,11,2010,0.8100000000000023,100.88250000000001,0.6933466272036972,108.75583333333333,1.1334858408977309
2010-12-01,101.98,111.75,91.38,1421.4,10.77,101.86,111.67,4.62477671562701,4.716264233493678,0.6599999999999966,12,2010,0.12000000000000455,100.9325,0.751666330712963,109.19166666666666,1.199218179659035
2011-01-01,101.74,112.17,92.19,1334.5,11.145,101.93666666666667,112.07666666666665,4.622420539394619,4.720015577657132,0.4200000000000017,1,2011,-0.2400000000000091,100.96416666666669,0.7788273041549052,109.57083333333334,1.3649672545746658
2011-02-01,102.09,112.31,96.97,1409.9,11.623,102.0,112.79,4.625854777180924,4.721262904974945,0.14000000000000057,2,2011,0.3500000000000085,100.97500000000001,0.7946811824992553,109.89166666666667,1.5234042818835416
2011-03-01,102.17,113.89,106.72,1439.9,11.722,102.52666666666666,114.57,4.626638092603332,4.7352330702862595,1.5799999999999983,3,2011,0.0799999999999983,101.09333333333335,0.8610810682281214,110.26083333333332,1.8996002370516227
2011-04-01,103.32,117.51,113.93,1556.4,11.902,102.56666666666666,117.05999999999999,4.6378309682276395,4.7665234363458495,3.6200000000000045,4,2011,1.1499999999999915,101.35833333333333,1.0163466957987235,110.95083333333332,2.7874375927245256
2011-05-01,102.21,119.78,102.7,1536.8,12.054,102.20666666666666,119.36999999999999,4.627029520340985,4.785656726836316,2.269999999999996,5,2011,-1.1099999999999994,101.52,0.9811774003255127,111.84500000000001,3.6953840986241544
2011-06-01,101.09,120.82,95.42,1502.8,12.207,101.49000000000001,120.92,4.616011209165967,4.794301834710595,1.039999999999992,6,2011,-1.1199999999999903,101.59249999999999,0.9056200788814242,112.85583333333334,4.354200601578729
2011-07-01,101.17,122.16,95.7,1631.2,12.4,101.06333333333335,121.99999999999999,4.616802270217799,4.805331660910377,1.3400000000000034,7,2011,0.0799999999999983,101.685,0.7832856207264839,114.02,4.834382540248063
2011-08-01,100.93,123.02,88.81,1831.7,12.29,100.97333333333331,122.53333333333332,4.614427207250769,4.812346943780222,0.8599999999999994,8,2011,-0.23999999999999488,101.74333333333334,0.6849729036892,115.25666666666666,5.09568504330938
2011-09-01,100.82,122.42,79.2,1622.3,11.64,100.70333333333333,122.34333333333332,4.6133367486544845,4.807457755422924,-0.5999999999999943,9,2011,-0.11000000000001364,101.7025,0.7265000156419761,116.38166666666666,5.0596313795543075
2011-10-01,100.36,121.59,93.19,1725.2,11.399,100.52333333333333,121.27999999999999,4.608763721498222,4.800654729308327,-0.8299999999999983,10,2011,-0.45999999999999375,101.645,0.8058140999243305,117.37583333333335,4.783343179168517
2011-11-01,100.39,119.83,100.36,1750.3,10.849,100.42666666666666,119.84999999999998,4.609062600703435,4.786074071694426,-1.7600000000000051,11,2011,0.030000000000001137,101.5225,0.8786055584124051,118.10416666666667,4.388307725874606
2011-12-01,100.53,118.13,98.83,1566.8,10.69,100.63999999999999,118.40999999999998,4.610456190417329,4.771785712960429,-1.7000000000000028,12,2011,0.14000000000000057,101.40166666666666,0.9091437863412053,118.63583333333332,3.9087651115116646
2012-01-01,101.0,117.27,98.48,1740.4,10.315,100.96666666666665,117.27999999999999,4.61512051684126,4.764478968472973,-0.8599999999999994,1,2012,0.46999999999999886,101.33999999999999,0.9092054473302064,119.06083333333332,3.3838371396803253
2012-02-01,101.37,116.44,107.07,1711.3,9.919,100.84333333333332,115.95333333333332,4.618777189394308,4.757376118877422,-0.8299999999999983,2,2012,0.37000000000000455,101.27999999999999,0.878449046486521,119.40499999999999,2.7932955446928944
2012-03-01,100.16,114.15,103.02,1671.9,9.275,100.52666666666666,113.71,4.606768907351788,4.737513372975805,-2.289999999999992,3,2012,-1.210000000000008,101.1125,0.8849255233173398,119.42666666666668,2.747257585743539
2012-04-01,100.05,110.54,104.87,1664.2,8.732,100.13,111.00999999999999,4.605670061029742,4.705377446405117,-3.6099999999999994,4,2012,-0.10999999999999943,100.83999999999999,0.6014225560363339,118.84583333333335,3.7449662174308194
2012-05-01,100.18,108.34,86.53,1564.2,8.323,99.99000000000001,108.59333333333332,4.606968567929471,4.685274430229753,-2.200000000000003,5,2012,0.13000000000000966,100.67083333333333,0.4466126719966692,117.89249999999998,4.794563445858725
2012-06-01,99.74,106.9,84.96,1604.2,8.06,99.87666666666667,106.86333333333333,4.602566800117977,4.671893818030999,-1.4399999999999977,6,2012,-0.44000000000001194,100.55833333333334,0.49844910989146923,116.7325,5.632566224442305
2012-07-01,99.71,105.35,88.06,1614.6,7.79,100.02666666666666,105.76333333333332,4.602265972840701,4.6572881402501976,-1.5500000000000114,7,2012,-0.030000000000001137,100.43666666666667,0.5135320355296116,115.33166666666666,6.2197585941656826
2012-08-01,100.63,105.04,96.47,1687.6,7.347,100.84666666666665,105.62333333333333,4.611450423945242,4.65434122999454,-0.30999999999998806,8,2012,0.9200000000000017,100.41166666666665,0.4942732651136258,113.83333333333336,6.363298649047558
2012-09-01,102.2,106.48,92.19,1773.9,7.293,101.22666666666667,106.17333333333333,4.626931677769604,4.667957174086856,1.4399999999999977,9,2012,1.5700000000000074,100.52666666666666,0.7109575276067345,112.505,6.064608958389856
2012-10-01,100.85,107.0,86.24,1719.1,7.098,101.17333333333333,106.85333333333331,4.613634264400221,4.672828834461906,0.519999999999996,10,2012,-1.3500000000000085,100.5675,0.714577115884315,111.28916666666665,5.5152935442085465
2012-11-01,100.47,107.08,88.91,1712.7,7.095,100.52999999999999,106.96333333333332,4.609859175474223,4.673576218652152,0.0799999999999983,11,2012,-0.37999999999999545,100.57416666666666,0.7131423207867162,110.22666666666667,4.915906155871351
2012-12-01,100.27,106.81,91.82,1675.8,6.975,100.66333333333334,106.98666666666666,4.607866547535834,4.671051555101604,-0.269999999999996,12,2012,-0.20000000000000284,100.5525,0.7185354422840027,109.28333333333335,4.310240097369304
2013-01-01,101.25,107.07,97.49,1662.0,6.989,100.94666666666666,106.96666666666665,4.617592705986649,4.673482826170178,0.2599999999999909,1,2013,0.980000000000004,100.57333333333332,0.7360994662696875,108.43333333333334,3.5265469418871667
2013-02-01,101.32,107.02,92.05,1578.1,7.035,100.79333333333334,106.90999999999998,4.618283825133474,4.673015732883159,-0.04999999999999716,2,2013,0.06999999999999318,100.56916666666667,0.731305909543622,107.64833333333333,2.4734585037346593
2013-03-01,99.81,106.64,97.23,1595.7,7.025,100.38333333333333,106.75666666666666,4.603268378698495,4.6694586758704535,-0.37999999999999545,3,2013,-1.509999999999991,100.54,0.7556815105946575,107.0225,1.3929375434671414
2013-04-01,100.02,106.61,93.46,1472.1,7.25,99.92333333333333,106.53666666666665,4.605370165990758,4.669177315962384,-0.030000000000001137,4,2013,0.20999999999999375,100.53750000000001,0.7574973747329755,106.695,0.8449475508199357
2013-05-01,99.94,106.36,91.97,1393.0,7.723,100.00333333333333,106.55333333333333,4.604570005916059,4.666829566374819,-0.25,5,2013,-0.0799999999999983,100.5175,0.770845167804367,106.53000000000002,0.6696539133288132
2013-06-01,100.05,106.69,96.56,1223.7,8.11,100.08666666666666,106.77999999999999,4.605670061029742,4.66992743320337,0.3299999999999983,6,2013,0.10999999999999943,100.54333333333334,0.7472535572267008,106.5125,0.6618036649258743
2013-07-01,100.27,107.29,105.03,1313.0,8.27,100.38333333333333,107.15999999999998,4.607866547535834,4.675535448648655,0.6000000000000085,7,2013,0.21999999999999886,100.58999999999999,0.706875326541269,106.67416666666668,0.5844415879257818
2013-08-01,100.83,107.5,107.65,1396.1,8.739,100.71999999999998,107.02999999999999,4.613435930405124,4.677490847567717,0.20999999999999375,8,2013,0.5600000000000023,100.60666666666667,0.7102539025311378,106.87916666666666,0.3390483562547446
2013-09-01,101.06,106.3,102.33,1327.0,9.119,100.79333333333334,106.57333333333332,4.615714399863762,4.666265285347902,-1.2000000000000028,9,2013,0.23000000000000398,100.51166666666666,0.5315129919448138,106.86416666666668,0.36154864713158597
2013-10-01,100.49,105.92,96.38,1323.7,9.38,100.63,106.0,4.610058220060867,4.662684092188698,-0.37999999999999545,10,2013,-0.5700000000000074,100.48166666666667,0.5207308383998991,106.77416666666666,0.4486030505580026
2013-11-01,100.34,105.78,92.72,1250.4,9.769,100.44666666666667,105.91333333333331,4.608564419056107,4.6613614656378335,-0.14000000000000057,11,2013,-0.14999999999999147,100.47083333333335,0.5223453809212332,106.66583333333334,0.5194132762217305
2013-12-01,100.51,106.04,98.42,1202.3,9.76,100.51333333333334,105.75666666666666,4.610257225036649,4.663816381420824,0.2600000000000051,12,2013,0.1700000000000017,100.49083333333334,0.5185374244990615,106.60166666666667,0.5468227788921982
2014-01-01,100.69,105.45,97.49,1239.8,10.271,100.58333333333333,105.38,4.612046489927524,4.658236906924784,-0.5900000000000034,1,2014,0.1799999999999926,100.44416666666667,0.4666019976837473,106.46666666666668,0.6162545715610719
2014-02-01,100.55,104.65,102.59,1321.6,10.591,100.26666666666667,104.82999999999998,4.610655116218661,4.650621448892009,-0.7999999999999972,2,2014,-0.14000000000000057,100.38,0.3801435135696847,106.26916666666666,0.7806460999284763
2014-03-01,99.56,104.39,101.58,1283.8,10.549,100.06333333333333,104.49666666666667,4.600760477499391,4.648133885420207,-0.2600000000000051,3,2014,-0.9899999999999949,100.35916666666667,0.41907817307934436,106.08166666666666,0.9378586182783537
2014-04-01,100.08,104.45,99.74,1295.9,10.8,99.94666666666667,104.51999999999998,4.605969866158656,4.648708488002574,0.060000000000002274,4,2014,0.519999999999996,100.36416666666666,0.4150018254797473,105.90166666666669,1.029994115899728
2014-05-01,100.2,104.72,102.71,1246.0,10.8,100.19333333333333,104.71666666666665,4.607168188650764,4.651290121601645,0.269999999999996,5,2014,0.12000000000000455,100.38583333333332,0.39725097021070876,105.765,1.071613057710068
2014-06-01,100.3,104.98,105.37,1322.0,10.8,100.24333333333334,104.88,4.60816569496789,4.653769855824153,0.2600000000000051,6,2014,0.09999999999999432,100.40666666666665,0.3843845927603498,105.6225,1.0509227547083577
2014-07-01,100.23,104.94,98.17,1282.8,10.81,100.25,104.74333333333333,4.607467545036775,4.653388758258566,-0.04000000000000625,7,2014,-0.06999999999999318,100.40333333333332,0.3858481409554946,105.42666666666666,0.923130379182621
2014-08-01,100.22,104.31,95.96,1287.4,10.809,100.28333333333335,104.28999999999998,4.607367769531579,4.64736723468788,-0.6299999999999955,8,2014,-0.010000000000005116,100.3525,0.3640960163073911,105.16083333333334,0.7054393644884239
2014-09-01,100.4,103.62,91.16,1211.6,10.825,100.24333333333334,103.71999999999998,4.609162207257629,4.640730361386642,-0.6899999999999977,9,2014,0.18000000000000682,100.29750000000001,0.2897687165497492,104.9375,0.7355903627823708
2014-10-01,100.11,103.23,80.54,1171.6,11.06,100.08,103.14999999999998,4.606269581431392,4.636959508477498,-0.39000000000000057,10,2014,-0.29000000000000625,100.26583333333333,0.28757475971338264,104.71333333333332,0.8145978743955818
2014-11-01,99.73,102.6,66.15,1175.5,11.06,99.86666666666667,102.55666666666666,4.602466534413777,4.630837932736669,-0.6300000000000097,11,2014,-0.37999999999999545,100.21499999999999,0.3247796455779885,104.44833333333332,0.9431555673601874
2014-12-01,99.76,101.84,53.27,1184.1,11.58,99.76333333333332,101.79333333333334,4.602767301371781,4.623402954249151,-0.7599999999999909,12,2014,0.030000000000001137,100.15249999999999,0.33485750022130867,104.09833333333334,1.0696204367849154
2015-01-01,99.8,100.94,48.24,1279.2,12.089,99.83666666666666,101.04,4.603168183317418,4.614526280912116,-0.9000000000000057,1,2015,0.03999999999999204,100.07833333333332,0.30192814718156663,103.72250000000001,1.315571946133926
2015-02-01,99.95,100.34,49.76,1213.1,12.09,99.96666666666668,100.73666666666666,4.604670060946409,4.608564419056107,-0.5999999999999943,2,2015,0.15000000000000568,100.02833333333332,0.2640190534903273,103.36333333333334,1.5974714869177453
2015-03-01,100.15,100.93,47.6,1183.2,12.615,100.08,100.75333333333333,4.606669062111827,4.614427207250769,0.5900000000000034,3,2015,0.20000000000000284,100.0775,0.22017038856278365,103.075,1.7040193127373429
2015-04-01,100.14,100.99,59.63,1182.4,12.86,100.15000000000002,100.95666666666666,4.606569206901798,4.6150215020384655,0.05999999999998806,4,2015,-0.010000000000005116,100.0825,0.22091236436008221,102.78666666666668,1.742502554234907
2015-05-01,100.16,100.95,60.3,1189.8,13.13,100.21666666666665,100.97999999999998,4.606768907351788,4.614625344758847,-0.03999999999999204,5,2015,0.01999999999999602,100.07916666666667,0.21927393964160033,102.47249999999998,1.7016202172154586
2015-06-01,100.35,101.0,59.47,1171.8,13.64,100.21333333333332,100.94999999999999,4.608664075242347,4.61512051684126,0.04999999999999716,6,2015,0.18999999999999773,100.08333333333333,0.22426985909135977,102.14083333333332,1.549524609404939
2015-07-01,100.13,100.9,47.12,1095.1,14.13,100.13666666666666,100.83666666666666,4.606469341719712,4.6141299273595635,-0.09999999999999432,7,2015,-0.21999999999999886,100.075,0.22014458059085162,101.80416666666667,1.3057736009621663
2015-08-01,99.93,100.61,49.2,1132.5,14.13,99.95,100.50333333333333,4.604469940873698,4.611251656303959,-0.29000000000000625,8,2015,-0.19999999999998863,100.05083333333334,0.21869274142365056,101.49583333333332,1.0770959131203703
2015-09-01,99.79,100.0,45.09,1115.2,14.13,99.94333333333334,100.20333333333332,4.603067977896221,4.605170185988092,-0.6099999999999994,9,2015,-0.14000000000000057,100.0,0.2002725415750938,101.19416666666666,0.9241650613424275
2015-10-01,100.11,100.0,46.59,1141.4,14.14,99.99000000000001,100.11333333333333,4.606269581431392,4.605170185988092,0.0,10,2015,0.3199999999999932,100.0,0.2002725415750938,100.925,0.7265672714896997
2015-11-01,100.07,100.34,41.65,1065.3,14.14,100.06666666666666,100.31333333333332,4.605869941102364,4.608564419056107,0.3400000000000034,11,2015,-0.04000000000000625,100.02833333333335,0.18180075674040205,100.73666666666668,0.5150345678307359
2015-12-01,100.02,100.6,37.04,1060.2,14.135,100.02999999999999,100.57999999999998,4.605370165990758,4.611152257665639,0.2599999999999909,12,2015,-0.04999999999999716,100.05000000000001,0.16124515496558864,100.63333333333333,0.38031884549994427
2016-01-01,100.0,100.8,33.62,1116.4,14.13,100.14666666666666,100.89333333333332,4.605170185988092,4.613138355637268,0.20000000000000284,1,2016,-0.01999999999999602,100.06666666666668,0.14227587371830713,100.62166666666666,0.3721151662720608
2016-02-01,100.42,101.28,33.75,1234.4,14.146,100.33,101.25999999999999,4.609361390606559,4.617888958395866,0.480000000000004,2,2016,0.4200000000000017,100.10583333333334,0.16935483638196105,100.7,0.40492423533745453
2016-03-01,100.57,101.7,38.34,1235.6,14.131,100.44,101.62333333333333,4.610854002456389,4.622027303054514,0.4200000000000017,3,2016,0.14999999999999147,100.14083333333333,0.2162262423451483,100.76416666666665,0.4955521866533889
2016-04-01,100.33,101.89,45.92,1290.5,14.13,100.48,101.95666666666666,4.608464752937522,4.6238937999861935,0.18999999999999773,4,2016,-0.23999999999999488,100.15666666666668,0.22300971578219417,100.83916666666666,0.5916303872786625
2016-05-01,100.54,102.28,49.1,1217.5,14.13,100.44333333333333,102.18666666666667,4.610555658264429,4.627714150422986,0.39000000000000057,5,2016,0.21000000000000796,100.18833333333333,0.2489919068903756,100.95,0.7240416863940561
2016-06-01,100.46,102.39,48.33,1320.6,14.13,100.37666666666667,102.35333333333331,4.609759638321899,4.628789051586725,0.10999999999999943,6,2016,-0.0800000000000125,100.1975,0.25736867789918766,101.06583333333334,0.8353927582915975
2016-07-01,100.13,102.39,41.6,1357.5,14.13,100.23,102.44999999999999,4.606469341719712,4.628789051586725,0.0,7,2016,-0.3299999999999983,100.19749999999999,0.25736867789918766,101.19,0.9154035374432504
2016-08-01,100.1,102.57,44.7,1311.4,14.125,100.25666666666666,102.76666666666665,4.6061696863211745,4.630545492319319,0.1799999999999926,8,2016,-0.030000000000001137,100.21166666666666,0.24572095531055924,101.35333333333334,0.9754004616597414
2016-09-01,100.54,103.34,48.24,1317.1,14.13,100.49000000000001,103.32999999999998,4.610555658264429,4.638024522859038,0.7700000000000102,9,2016,0.44000000000001194,100.27416666666666,0.22305557127935882,101.63166666666667,1.029172954219524
2016-10-01,100.83,104.08,46.86,1273.1,13.88,100.61666666666667,103.97666666666665,4.613435930405124,4.64515983420425,0.7399999999999949,10,2016,0.28999999999999204,100.33416666666666,0.26732541739961185,101.97166666666668,1.11175400592799
2016-11-01,100.48,104.51,49.44,1173.9,13.88,100.51333333333334,104.44,4.609958702719888,4.649282760606412,0.4300000000000068,11,2016,-0.3499999999999943,100.36833333333334,0.2564737567058273,102.31916666666666,1.2033170694779174
2016-12-01,100.23,104.73,53.72,1151.7,13.63,100.39,104.81666666666666,4.607467545036775,4.651385609785055,0.21999999999999886,12,2016,-0.25,100.38583333333332,0.23696790474409568,102.66333333333334,1.2563607858582506
2017-01-01,100.46,105.21,52.81,1211.4,12.88,100.30666666666667,104.98333333333333,4.609759638321899,4.655958352820196,0.47999999999998977,1,2017,0.22999999999998977,100.42416666666666,0.20375824950774243,103.03083333333335,1.3057805630303252
2017-02-01,100.23,105.01,54.01,1253.9,12.13,100.3,104.94999999999999,4.607467545036775,4.654055583717902,-0.19999999999998863,2,2017,-0.22999999999998977,100.40833333333335,0.21135206876140375,103.34166666666668,1.2950242772966756
2017-03-01,100.21,104.63,50.6,1251.2,12.13,100.14666666666666,104.64333333333332,4.607267984070237,4.6504303173929555,-0.38000000000000966,3,2017,-0.020000000000010232,100.37833333333333,0.21186759730523755,103.58583333333333,1.2320452938348032
2017-04-01,100.0,104.29,49.33,1268.3,11.13,99.89333333333332,104.03333333333335,4.605170185988092,4.6471754801331215,-0.3399999999999892,4,2017,-0.20999999999999375,100.35083333333334,0.2384593860343561,103.78583333333334,1.1215772849253287
2017-05-01,99.47,103.18,48.32,1275.4,11.13,99.76666666666667,103.33333333333333,4.599856091164322,4.636475035816504,-1.1099999999999994,5,2017,-0.5300000000000011,100.26166666666666,0.339808323867532,103.86083333333333,1.0387620108337492
2017-06-01,99.83,102.53,46.04,1242.3,10.14,99.80333333333333,102.74,4.603468739348334,4.630155438682,-0.6500000000000057,6,2017,0.35999999999999943,100.20916666666666,0.35472033371581363,103.87249999999999,1.0213816400079418
2017-07-01,100.11,102.51,50.17,1273.4,9.14,100.28666666666668,102.79666666666667,4.606269581431392,4.62996035479531,-0.01999999999999602,7,2017,0.28000000000000114,100.2075,0.3551728132510561,103.88250000000001,1.0060193835110023
2017-08-01,100.92,103.35,47.23,1322.2,9.14,100.54,103.08666666666666,4.614328123772857,4.638121286127777,0.8399999999999892,8,2017,0.8100000000000023,100.27583333333332,0.40761966080987694,103.9475,0.9362898249812849
2017-09-01,100.59,103.4,51.67,1284.8,8.14,100.64,103.24,4.611052849146247,4.638604962074329,0.05000000000001137,9,2017,-0.3299999999999983,100.27999999999999,0.41080851544680697,103.9525,0.9329047988065081
2017-10-01,100.41,102.97,54.38,1270.5,7.39,100.37666666666667,102.99333333333333,4.609261803891345,4.63443768366866,-0.4300000000000068,10,2017,-0.18000000000000682,100.245,0.37611651966324816,103.86,0.973270026998881
2017-11-01,100.13,102.61,57.4,1276.7,7.39,100.25,102.72333333333331,4.606469341719712,4.630935393874117,-0.35999999999999943,11,2017,-0.28000000000000114,100.21583333333332,0.3697531936878568,103.70166666666667,1.0117027351165424
2017-12-01,100.21,102.59,60.42,1309.3,6.891,100.28333333333332,102.61333333333333,4.607267984070237,4.630740462099621,-0.01999999999999602,12,2017,0.0799999999999983,100.21416666666666,0.3697286064455754,103.52333333333333,1.0025271098880486
2018-01-01,100.51,102.64,64.73,1343.1,6.89,100.48333333333333,102.79666666666667,4.610257225036649,4.631227720307381,0.04999999999999716,1,2018,0.30000000000001137,100.21833333333332,0.37301799452891216,103.30916666666667,0.8759769437950375
2018-02-01,100.73,103.16,61.64,1317.9,6.64,100.32333333333334,102.82,4.612443669954589,4.636281181013144,0.519999999999996,2,2018,0.21999999999999886,100.25999999999999,0.4012933635587921,103.15499999999999,0.6931417276036312
2018-03-01,99.73,102.66,64.94,1327.3,6.39,100.18,102.85333333333331,4.602466534413777,4.631422557132157,-0.5,3,2018,-1.0,100.21999999999998,0.4296510211787557,102.99083333333334,0.5249148560104833
2018-04-01,100.08,102.74,68.57,1319.2,6.39,100.12,103.08666666666664,4.605969866158656,4.632201525039122,0.0799999999999983,4,2018,0.3499999999999943,100.22666666666665,0.42653643845899475,102.86166666666666,0.3310817897666038
2018-05-01,100.55,103.86,67.04,1304.7,6.39,100.41333333333334,103.75666666666666,4.610655116218661,4.6430438384161725,1.1200000000000045,5,2018,0.46999999999999886,100.31666666666668,0.3613191320031446,102.91833333333334,0.43301970002063883
2018-06-01,100.61,104.67,74.15,1254.5,6.39,100.35666666666667,104.32999999999998,4.611251656303959,4.650812543866793,0.8100000000000023,6,2018,0.060000000000002274,100.38166666666666,0.3350124375800873,103.09666666666665,0.646562003401316
2018-07-01,99.91,104.46,68.76,1233.6,6.39,100.32333333333332,104.36999999999999,4.604269780744927,4.6488042230081525,-0.21000000000000796,7,2018,-0.7000000000000028,100.36500000000001,0.354182798206613,103.25916666666666,0.7258907798300789
2018-08-01,100.45,103.98,69.8,1206.7,6.39,100.31666666666666,104.13999999999999,4.609660091260944,4.6441985729555695,-0.47999999999998977,8,2018,0.5400000000000063,100.32583333333334,0.3105261907657884,103.31166666666667,0.75524629737382
2018-09-01,100.59,103.98,73.25,1196.2,6.39,100.45666666666666,103.95,4.611052849146247,4.6441985729555695,0.0,9,2018,0.14000000000000057,100.32583333333334,0.3105261907657884,103.36,0.7795803066684971
2018-10-01,100.33,103.89,65.31,1215.0,6.4,100.21,103.77666666666666,4.608464752937522,4.64333264708244,-0.09000000000000341,10,2018,-0.2600000000000051,100.31916666666666,0.30941170963717435,103.43666666666667,0.7829702575719691
2018-11-01,99.71,103.46,50.93,1226.0,6.4,99.92999999999999,103.44333333333331,4.602265972840701,4.639185064575369,-0.4300000000000068,11,2018,-0.6200000000000045,100.28416666666668,0.35338514485761824,103.5075,0.738575102354575
2018-12-01,99.75,102.98,45.41,1281.3,6.399,99.85333333333334,103.0,4.602667055769973,4.634534794617996,-0.47999999999998977,12,2018,0.04000000000000625,100.24583333333334,0.38563898174638306,103.54,0.7022172675952784
2019-01-01,100.1,102.56,53.79,1325.2,6.4,100.21666666666665,102.72333333333331,4.6061696863211745,4.63044799317236,-0.4200000000000017,1,2019,0.3499999999999943,100.21166666666666,0.3781974792793859,103.53333333333332,0.7118520445522513
2019-02-01,100.8,102.63,57.22,1316.1,6.4,100.23,102.62666666666667,4.613138355637268,4.631130287657623,0.06999999999999318,2,2019,0.7000000000000028,100.21750000000002,0.3873482107401372,103.48916666666668,0.7524077513172712
2019-03-01,99.79,102.69,60.14,1298.5,6.4,100.3,102.75,4.603067977896221,4.631714741210204,0.060000000000002274,3,2019,-1.009999999999991,100.22250000000001,0.3808155124800015,103.49166666666667,0.7494462602278998
2019-04-01,100.31,102.93,63.91,1285.7,6.4,100.19666666666667,102.83,4.608265390895394,4.6340491455384685,0.2400000000000091,4,2019,0.519999999999996,100.24166666666667,0.37877393913739066,103.5075,0.733969593127842
2019-05-01,100.49,102.87,53.5,1311.1,6.4,100.23666666666666,102.64999999999999,4.610058220060867,4.6334660551429385,-0.060000000000002274,5,2019,0.1799999999999926,100.23666666666666,0.374707967097068,103.42500000000001,0.7462816918806539
2019-06-01,99.91,102.15,58.47,1413.7,6.4,100.19333333333333,102.48333333333333,4.604269780744927,4.626442321263631,-0.7199999999999989,6,2019,-0.5799999999999983,100.17833333333334,0.3656832542299132,103.21499999999999,0.7181225522150744
2019-07-01,100.18,102.43,58.58,1437.8,6.4,100.12333333333333,102.27999999999999,4.606968567929471,4.629179638448443,0.28000000000000114,7,2019,0.27000000000001023,100.20083333333332,0.3558461959210182,103.04583333333333,0.6321314353163043
2019-08-01,100.28,102.26,55.1,1529.4,5.9,100.25999999999999,102.22333333333331,4.607966273290093,4.627518589651853,-0.1700000000000017,8,2019,0.09999999999999432,100.18666666666665,0.3483293460695968,102.90249999999999,0.5949656216194299
2019-09-01,100.32,101.98,54.07,1472.9,5.4,100.39666666666666,102.16333333333334,4.608365076884611,4.62477671562701,-0.28000000000000114,9,2019,0.03999999999999204,100.16416666666667,0.3280370913986184,102.73583333333333,0.5435984201818023
2019-10-01,100.59,102.25,54.18,1514.8,4.9,100.62333333333333,102.58666666666666,4.611052849146247,4.627420794922911,0.269999999999996,10,2019,0.27000000000001023,100.18583333333333,0.34796703953966646,102.59916666666668,0.4189045960668996
2019-11-01,100.96,103.53,55.17,1472.7,4.9,100.98333333333333,103.67333333333333,4.6147243987929025,4.6398614257780215,1.2800000000000011,11,2019,0.36999999999999034,100.29,0.3783456812829027,102.605,0.4322562371387692
2019-12-01,101.4,105.24,61.06,1523.1,4.403,101.19666666666667,105.06666666666666,4.619073091157083,4.656243456172092,1.7099999999999937,12,2019,0.44000000000001194,100.42750000000001,0.45609259426728893,102.79333333333334,0.8755396604207063
2020-01-01,101.23,106.43,51.56,1587.9,4.4,100.82000000000001,105.69,4.6173951556106605,4.667487492052953,1.190000000000012,1,2020,-0.1700000000000017,100.52166666666669,0.49713421149872916,103.11583333333334,1.360317197857836
2020-02-01,99.83,105.4,44.76,1566.7,4.15,100.11333333333333,105.56666666666666,4.603468739348334,4.657762636107262,-1.0300000000000011,2,2020,-1.4000000000000057,100.44083333333333,0.5257973742687341,103.34666666666668,1.4983951010290302
2020-03-01,99.28,104.87,20.48,1596.6,3.65,99.19,104.39999999999999,4.5979441408963515,4.652721487846314,-0.5300000000000011,3,2020,-0.5499999999999972,100.39833333333333,0.5987385729914879,103.52833333333332,1.543030273274748
2020-04-01,98.46,102.93,18.84,1694.2,3.65,99.23666666666668,103.39999999999999,4.589650374330055,4.6340491455384685,-1.9399999999999977,4,2020,-0.8200000000000074,100.24416666666667,0.8206146070679555,103.52833333333335,1.543030273274748
2020-05-01,99.97,102.4,35.49,1751.7,2.9,99.69666666666666,102.83333333333333,4.60487014097909,4.628886712605407,-0.5300000000000011,5,2020,1.5100000000000051,100.20083333333334,0.8201824445964397,103.48916666666668,1.567038076542256
2020-06-01,100.66,103.17,39.27,1800.5,2.15,100.34333333333332,102.98666666666666,4.611748501348214,4.6363781131122845,0.769999999999996,6,2020,0.6899999999999977,100.26333333333332,0.8245696765677948,103.57416666666667,1.514580399938778
2020-07-01,100.4,103.39,40.27,1985.9,2.15,100.37666666666667,103.24666666666666,4.609162207257629,4.638508245598602,0.21999999999999886,7,2020,-0.2599999999999909,100.28166666666668,0.8249940311996946,103.65416666666668,1.4734465368548717
2020-08-01,100.07,103.18,42.61,1978.6,1.9,100.19666666666667,103.17999999999999,4.605869941102364,4.636475035816504,-0.20999999999999375,8,2020,-0.3300000000000125,100.26416666666665,0.8272567847281489,103.73083333333335,1.4171704095474498
2020-09-01,100.12,102.97,40.22,1895.5,1.9,100.09333333333332,102.87,4.6063694665635735,4.63443768366866,-0.21000000000000796,9,2020,0.05000000000001137,100.2475,0.8280439711644432,103.81333333333333,1.3322525923025577
2020-10-01,100.09,102.46,35.79,1879.9,1.9,100.06666666666666,102.30333333333333,4.606069781230928,4.629472478511056,-0.5100000000000051,10,2020,-0.030000000000001137,100.20583333333333,0.8217991164991236,103.83083333333333,1.3110610438137411
2020-11-01,99.99,101.48,45.34,1780.9,1.9,100.06,101.36999999999999,4.605070180987758,4.6198617347310815,-0.9799999999999898,11,2020,-0.10000000000000853,100.125,0.7878797785541132,103.66000000000001,1.476894776826738
2020-12-01,100.1,100.17,48.52,1895.1,1.901,100.05,100.22333333333331,4.6061696863211745,4.606868742623673,-1.3100000000000023,12,2020,0.10999999999999943,100.01666666666665,0.6783982918788545,103.23750000000001,1.6931687613895388
2021-01-01,100.06,99.02,52.2,1850.3,1.9,100.55999999999999,99.95999999999998,4.605770006060059,4.595321849933277,-1.1500000000000057,1,2021,-0.03999999999999204,99.91916666666667,0.5623078796487124,102.62,1.7723789867653053
2021-02-01,101.52,100.69,61.5,1728.8,1.9,100.43666666666667,100.28666666666665,4.620255823406132,4.612046489927524,1.6700000000000017,2,2021,1.4599999999999937,100.06,0.7258098924649016,102.2275,1.6153363004762518
2021-03-01,99.73,101.15,59.16,1715.6,2.65,100.40333333333335,101.50999999999999,4.602466534413777,4.6166045636137545,0.46000000000000796,3,2021,-1.789999999999992,100.09750000000001,0.6927169827438472,101.9175,1.4054253642742462
2021-04-01,99.96,102.69,63.58,1767.7,2.65,99.95,102.24333333333334,4.604770105966751,4.631714741210204,1.539999999999992,4,2021,0.22999999999998977,100.22249999999998,0.46985732844221606,101.8975,1.3913441832859257
2021-05-01,100.16,102.89,66.32,1905.3,3.4,100.10333333333331,102.66333333333331,4.606768907351788,4.633660456387719,0.20000000000000284,5,2021,0.20000000000000284,100.23833333333333,0.46373647166409726,101.93833333333333,1.414431034555978
2021-06-01,100.19,102.41,73.47,1771.6,4.15,100.32333333333334,102.64333333333332,4.607068383271171,4.628984364087346,-0.480000000000004,6,2021,0.030000000000001137,100.19916666666667,0.444327036259845,101.875,1.3706037156868092
2021-07-01,100.62,102.63,73.95,1817.2,4.15,100.35333333333334,102.61666666666666,4.611351045063173,4.631130287657623,0.21999999999999886,7,2021,0.4300000000000068,100.21749999999999,0.4577042514748234,101.81166666666667,1.3104741219277722
2021-08-01,100.25,102.81,68.5,1818.1,5.15,100.08333333333333,102.49666666666666,4.6076670661866785,4.632882624554627,0.18000000000000682,8,2021,-0.37000000000000455,100.2325,0.4553744712770565,101.78083333333332,1.279335469071417
2021-09-01,99.38,102.05,75.03,1757.0,6.15,99.81,102.20666666666666,4.598950886174174,4.625462889255854,-0.7600000000000051,9,2021,-0.8700000000000045,100.17083333333333,0.517818120637491,101.70416666666667,1.2281357515528828
2021-10-01,99.8,101.76,83.57,1783.9,7.65,99.83333333333333,101.96666666666665,4.603168183317418,4.622617099591812,-0.28999999999999204,10,2021,0.4200000000000017,100.14666666666666,0.5285887443050534,101.64583333333333,1.2053853275524509
2021-11-01,100.32,102.09,66.18,1776.5,7.65,99.98,101.88666666666666,4.608365076884611,4.625854777180924,0.3299999999999983,11,2021,0.519999999999996,100.17416666666666,0.5282812324945857,101.69666666666667,1.2106071604652098
2021-12-01,99.82,101.81,75.21,1828.6,9.15,100.11,101.94666666666666,4.603368564041463,4.623108331119105,-0.28000000000000114,12,2021,-0.5,100.15083333333332,0.5379499526118438,101.83333333333333,1.1110710093773157
2022-01-01,100.19,101.94,88.15,1796.4,9.15,100.33666666666666,101.72333333333331,4.607068383271171,4.624384404911896,0.12999999999999545,1,2022,0.37000000000000455,100.16166666666665,0.5372629850933812,102.07666666666667,0.6718540606320785
2022-02-01,101.0,101.42,95.72,1900.7,10.65,100.63,101.92333333333333,4.61512051684126,4.619270310366873,-0.519999999999996,2,2022,0.8100000000000023,100.11833333333333,0.42750509477728277,102.13749999999999,0.5583437357691589
2022-03-01,100.7,102.41,100.28,1954.0,11.65,100.62666666666667,102.15333333333332,4.612145799724517,4.628984364087346,0.9899999999999949,3,2022,-0.29999999999999716,100.19916666666666,0.4389545085837511,102.2425,0.46671238953491206
2022-04-01,100.18,102.63,104.69,1911.7,11.65,100.42,102.63333333333333,4.606968567929471,4.631130287657623,0.21999999999999886,4,2022,-0.519999999999996,100.21750000000002,0.43260574114622197,102.2375,0.4617776914962108
2022-05-01,100.38,102.86,114.67,1848.4,12.65,100.41666666666667,102.95333333333333,4.608962984226787,4.63336884034677,0.23000000000000398,5,2022,0.19999999999998863,100.23583333333333,0.4346044875585255,102.235,0.457989678327447
2022-06-01,100.69,103.37,105.76,1807.3,13.15,100.49000000000001,103.12333333333333,4.612046489927524,4.638314784580394,0.5100000000000051,6,2022,0.3100000000000023,100.27749999999999,0.45337371700693296,102.315,0.563116329011985
2022-07-01,100.4,103.14,98.62,1781.8,13.15,100.36333333333334,103.13333333333333,4.609162207257629,4.636087288622813,-0.23000000000000398,7,2022,-0.28999999999999204,100.25916666666667,0.44258452368560347,102.3575,0.606616922702479
2022-08-01,100.0,102.89,89.55,1726.2,13.65,100.26666666666667,103.32333333333332,4.605170185988092,4.633660456387719,-0.25,8,2022,-0.4000000000000057,100.23833333333334,0.4488942643941977,102.36416666666666,0.6124534614353789
2022-09-01,100.4,103.94,79.49,1684.9,13.65,100.18333333333334,103.71333333333332,4.609162207257629,4.643813809580296,1.0499999999999972,9,2022,0.4000000000000057,100.32333333333332,0.3591994465811558,102.52166666666666,0.7515418494768515
2022-10-01,100.15,104.31,86.53,1654.9,13.65,100.31333333333333,104.21,4.606669062111827,4.64736723468788,0.37000000000000455,10,2022,-0.25,100.3525,0.3254681942287422,102.73416666666667,0.8680747593835046
2022-11-01,100.39,104.38,80.56,1775.1,13.65,100.17666666666666,104.41666666666667,4.609062600703435,4.6480380862152675,0.06999999999999318,11,2022,0.23999999999999488,100.35833333333333,0.3254600473548428,102.925,0.9603929120180404
2022-12-01,99.99,104.56,80.47,1842.2,13.654,100.3,104.61333333333333,4.605070180987758,4.649761069315966,0.18000000000000682,12,2022,-0.4000000000000057,100.3725,0.3028088205752246,103.15416666666665,0.9975283849534494
2023-01-01,100.52,104.9,80.11,1962.2,13.65,100.32000000000001,104.59666666666665,4.610356712675391,4.653007515402251,0.3400000000000034,1,2023,0.5300000000000011,100.39999999999999,0.2996968164965463,103.40083333333332,1.035255421564534
2023-02-01,100.45,104.33,77.05,1853.2,13.65,100.24666666666667,104.19999999999999,4.609660091260944,4.647558952479878,-0.5700000000000074,2,2023,-0.06999999999999318,100.35416666666667,0.2345773116724788,103.64333333333333,0.8540420825626021
2023-03-01,99.77,103.37,75.67,2004.1,13.65,99.96,103.50999999999999,4.602867536925416,4.638314784580394,-0.9599999999999937,3,2023,-0.6800000000000068,100.27666666666666,0.2619622919891257,103.72333333333334,0.7687100568583342
2023-04-01,99.66,102.83,76.78,2018.3,13.65,99.81333333333333,102.88333333333333,4.601764392853259,4.6330771392411,-0.5400000000000063,4,2023,-0.10999999999999943,100.23333333333333,0.3166969682471136,103.74000000000001,0.7446414634513051
2023-05-01,100.01,102.45,68.09,1982.1,13.65,99.98,102.43333333333332,4.605270180988425,4.629374874684909,-0.37999999999999545,5,2023,0.3500000000000085,100.2025,0.31912166388945157,103.70583333333333,0.7963034863820652
2023-06-01,100.27,102.02,70.64,1929.4,13.65,100.24333333333334,102.17999999999999,4.607866547535834,4.625168872494781,-0.4300000000000068,6,2023,0.2599999999999909,100.1675,0.28162273281163,103.59333333333335,0.9318830723894735
2023-07-01,100.45,102.07,81.8,2009.2,13.65,100.53333333333335,102.35333333333331,4.609660091260944,4.625658852415407,0.04999999999999716,7,2023,0.18000000000000682,100.17166666666667,0.28571547618787047,103.50416666666666,1.0256745747718
2023-08-01,100.88,102.97,83.63,1965.9,13.15,100.80333333333334,102.90333333333332,4.613931691656664,4.63443768366866,0.9000000000000057,8,2023,0.4299999999999926,100.24499999999999,0.34452866353897016,103.51083333333332,1.0215715018212446
2023-09-01,101.08,103.67,90.79,1885.4,12.65,100.67999999999999,103.41333333333331,4.615912282519994,4.641212777335021,0.7000000000000028,9,2023,0.20000000000000284,100.30166666666668,0.4199963924808594,103.48833333333334,1.0142066611470906
2023-10-01,100.08,103.6,81.02,1994.3,12.65,100.46999999999998,103.57333333333332,4.605969866158656,4.640537329825382,-0.07000000000000739,10,2023,-1.0,100.29583333333333,0.42277134015986817,103.42916666666667,0.982116992969147
2023-11-01,100.25,103.45,75.96,2038.1,12.15,100.15000000000002,103.54666666666667,4.6076670661866785,4.639088404191552,-0.14999999999999147,11,2023,0.1700000000000017,100.28416666666668,0.4218672417916934,103.35166666666667,0.9358693900066821
2023-12-01,100.12,103.59,71.65,2071.8,11.635,100.22666666666667,103.46999999999998,4.6063694665635735,4.640440800070011,0.14000000000000057,12,2023,-0.12999999999999545,100.295,0.41524363056793157,103.27083333333333,0.8609028910851346
2024-01-01,100.31,103.37,75.85,2057.4,11.65,100.49000000000001,103.64666666666666,4.608265390895394,4.638314784580394,-0.21999999999999886,1,2024,0.18999999999999773,100.27750000000002,0.4092815212495223,103.14333333333333,0.6949994549812126
2024-02-01,101.04,103.98,78.26,2054.7,11.15,100.37333333333333,103.77666666666666,4.6155164780422355,4.6441985729555695,0.6099999999999994,2,2024,0.730000000000004,100.32666666666667,0.463707065316258,103.11416666666668,0.6463106251968652
2024-03-01,99.77,103.98,83.17,2227.1,10.65,100.29333333333334,104.12333333333333,4.602867536925416,4.6441985729555695,0.0,3,2024,-1.2700000000000102,100.32666666666667,0.463707065316258,103.165,0.690724257573125
2024-04-01,100.07,104.41,81.93,2302.9,10.65,99.96333333333332,104.27999999999999,4.605869941102364,4.648325456302019,0.4299999999999926,4,2024,0.29999999999999716,100.36083333333333,0.4234803490843339,103.29666666666667,0.7673962273147598
2024-05-01,100.05,104.45,76.99,2333.9,10.4,100.09666666666665,104.39999999999999,4.605670061029742,4.648708488002574,0.04000000000000625,5,2024,-0.01999999999999602,100.36416666666666,0.4206155301964121,103.46333333333332,0.7838057891796201
2024-06-01,100.17,104.34,81.54,2350.9,10.4,100.23333333333333,104.38999999999999,4.606868742623673,4.647654797594247,-0.10999999999999943,6,2024,0.12000000000000455,100.35583333333334,0.42363059236540157,103.65666666666665,0.6738401932658765
2024-07-01,100.48,104.38,77.91,2449.3,10.4,100.21666666666665,104.06333333333333,4.609958702719888,4.6480380862152675,0.03999999999999204,7,2024,0.3100000000000023,100.35833333333333,0.42432477555699966,103.84916666666668,0.48201203933160164
2024-08-01,100.0,103.47,73.55,2516.0,10.4,100.25666666666666,103.50333333333332,4.605170185988092,4.6392817156168595,-0.9099999999999966,8,2024,-0.480000000000004,100.28500000000001,0.401395293716985,103.89083333333333,0.416226737451722
2024-09-01,100.29,102.66,68.17,2647.9,10.65,100.20666666666666,103.01333333333332,4.608065989100117,4.631422557132157,-0.8100000000000023,9,2024,0.29000000000000625,100.21916666666665,0.3145403091188009,103.80666666666666,0.5466315583700432
2024-10-01,100.33,102.91,69.26,2761.6,10.65,100.25,102.78666666666668,4.608464752937522,4.6338548198480005,0.25,10,2024,0.03999999999999204,100.24000000000001,0.31275898359300947,103.74916666666667,0.6036624332632683
2024-11-01,100.13,102.79,68.0,2681.0,11.15,100.25,102.88666666666666,4.606469341719712,4.6326880720248305,-0.11999999999999034,11,2024,-0.20000000000000284,100.23,0.314324672909951,103.69416666666666,0.6607634473344625
2024-12-01,100.29,102.96,71.72,2653.3,12.154,100.29,102.96,4.608065989100117,4.634340563287871,0.1699999999999875,12,2024,0.1600000000000108,100.24416666666666,0.3127432386691763,103.64166666666667,0.6939849793152123
